-- phpMyAdmin SQL Dump
-- version 3.5.2
-- http://www.phpmyadmin.net
--
-- Host: localhost
-- Generation Time: Aug 27, 2012 at 11:03 PM
-- Server version: 5.1.47
-- PHP Version: 5.3.2

SET SQL_MODE="NO_AUTO_VALUE_ON_ZERO";
SET time_zone = "+00:00";


/*!40101 SET @OLD_CHARACTER_SET_CLIENT=@@CHARACTER_SET_CLIENT */;
/*!40101 SET @OLD_CHARACTER_SET_RESULTS=@@CHARACTER_SET_RESULTS */;
/*!40101 SET @OLD_COLLATION_CONNECTION=@@COLLATION_CONNECTION */;
/*!40101 SET NAMES utf8 */;

--
-- Database: `pon2012dkidb`
--

-- --------------------------------------------------------

--
-- Table structure for table `tbl_cabang_olahraga_0`
--

CREATE TABLE IF NOT EXISTS `tbl_cabang_olahraga_0` (
  `cabang_id` varchar(254) NOT NULL,
  `deskripsi` varchar(254) NOT NULL,
  `group_cabang_id` varchar(254) NOT NULL,
  `level` int(11) NOT NULL,
  `waktu` datetime NOT NULL,
  `status` int(11) NOT NULL,
  `status_delete` int(11) NOT NULL,
  `id_upper` varchar(254) NOT NULL,
  `nama` varchar(254) NOT NULL,
  `id_kriteria_0` varchar(254) NOT NULL,
  `id_kriteria_1` varchar(254) NOT NULL,
  `icon` varchar(50) NOT NULL
) ENGINE=MyISAM DEFAULT CHARSET=latin1;

--
-- Dumping data for table `tbl_cabang_olahraga_0`
--

INSERT INTO `tbl_cabang_olahraga_0` (`cabang_id`, `deskripsi`, `group_cabang_id`, `level`, `waktu`, `status`, `status_delete`, `id_upper`, `nama`, `id_kriteria_0`, `id_kriteria_1`, `icon`) VALUES
('20120531170242687837122870756669553431698180', '', '', 1, '2012-05-31 17:02:42', 1, 0, '', 'Aerosport', '', '', ''),
('20120531170101390742040381825199248304649302', '', '', 35, '2012-05-31 17:01:01', 1, 0, '', 'Tenis', '', '', 'MAIN---TENIS.png'),
('20120531170223828236815024324663471131981851', '', '', 39, '2012-05-31 17:02:23', 1, 0, '', 'Wushu', '', '', 'BELA---WUSHU.png'),
('20120531170207878229773931507862530080642658', '', '', 38, '2012-05-31 17:02:07', 1, 0, '', 'Voli', '', '', 'MAIN---VOLI.png'),
('20120531170150780722836903113624281148493111', '', '', 37, '2012-05-31 17:01:50', 1, 0, '', 'Tinju', '', '', 'BELA---TINJU.png'),
('20120531170132231675368493493475816292547820', '', '', 36, '2012-05-31 17:01:32', 1, 0, '', 'Tenis Meja', '', '', 'MAIN---TENIS-MEJA.png'),
('20120531170037710005127007984407783880399322', '', '', 33, '2012-05-31 17:00:37', 1, 0, '', 'Taek Won Do', '', '', 'BELA---TAEKWONDO.png'),
('20120531170017022980777490324711388922901126', '', '', 29, '2012-05-31 17:00:17', 1, 0, '', 'Sepak Takraw', '', '', 'MAIN---SEPAK-TAKRAW.png'),
('20120531165958839713704250267277264437477435', '', '', 32, '2012-05-31 16:59:58', 1, 0, '', 'Squash', '', '', 'MAIN---SQUASH.png'),
('20120531165943439814321643825502040203603832', '', '', 28, '2012-05-31 16:59:43', 1, 0, '', 'Sepakbola', '', '', 'MAIN---SEPAK-BOLA.png'),
('20120531165929029850100021621894161796711175', '', '', 27, '2012-05-31 16:59:29', 1, 0, '', 'Senam', '', '', 'UKUR---SELAM.png'),
('20120531165915001854950817613259516041290627', '', '', 26, '2012-05-31 16:59:15', 1, 0, '', 'Selam', '', '', 'UKUR---SELAM.png'),
('20120531165858142629240154084033735176764064', '', '', 25, '2012-05-31 16:58:58', 1, 0, '', 'Pencak Silat', '', '', 'BELA---PENCAK-SILAT.png'),
('20120531165840379289248514604314096284025561', '', '', 23, '2012-05-31 16:58:40', 1, 0, '', 'Panahan', '', '', 'UKUR---PANAH.png'),
('20120531165816203122918673340582616168968009', '', '', 22, '2012-05-31 16:58:16', 1, 0, '', 'Menembak', '', '', 'PRE---MENEMBAK.png'),
('20120531165756463259091593440939898827856648', '', '', 21, '2012-05-31 16:57:56', 1, 0, '', 'Layar', '', '', 'UKUR---LAYAR.png'),
('20120531165740350016414677208180923264272449', '', '', 19, '2012-05-31 16:57:40', 1, 0, '', 'Karate', '', '', 'BELA---KARATE.png'),
('20120531165455441750829325377680413661934245', '', '', 18, '2012-05-31 16:54:55', 1, 0, '', 'Judo', '', '', 'BELA---JUDO.png'),
('20120531165426915302931367556233929957493812', '', '', 17, '2012-05-31 16:54:26', 1, 0, '', 'Gulat', '', '', 'BELA---GULAT.png'),
('20120531165408418235498696860104194011723192', '', '', 16, '2012-05-31 16:54:08', 1, 0, '', 'Golf', '', '', 'PRE---GOLF.png'),
('20120531165348850619205536818144971202203779', '', '', 15, '2012-05-31 16:53:48', 1, 0, '', 'Dayung', '', '', 'UKUR---DAYUNG.png'),
('20120531165328071813422400160773416059012842', '', '', 14, '2012-05-31 16:53:28', 1, 0, '', 'Catur', '', '', 'MAIN---CATUR.png'),
('20120531165305563589515871099819682614178318', '', '', 13, '2012-05-31 16:53:05', 1, 0, '', 'Bulutangkis', '', '', 'MAIN---BULU-TANGKIS.png'),
('20120531165230955426457449412604226534628936', '', '', 11, '2012-05-31 16:52:30', 1, 0, '', 'Boling', '', '', 'PRE---BOWLING.png'),
('20120531165207682170061843628966459089891422', '', '', 9, '2012-05-31 16:52:07', 1, 0, '', 'Billiard', '', '', 'MAIN---BILLIARD.png'),
('20120531165150644487267457924064954638204784', '', '', 10, '2012-05-31 16:51:50', 1, 0, '', 'Bola Basket', '', '', 'MAIN---BASKET.png'),
('20120531165130479773447055522129311575912201', '', '', 7, '2012-05-31 16:51:30', 1, 0, '', 'Baseball', '', '', 'MAIN---BASEBALL.png'),
('20120531165045678663636179853614139409047478', '', '', 6, '2012-05-31 16:50:45', 1, 0, '', 'Balap Sepeda', '', '', 'UKUR---SEPEDA.png'),
('20120531165029796151709548124471227353867291', '', '', 5, '2012-05-31 16:50:29', 1, 0, '', 'Atletik', '', '', 'UKUR---ATLETIK.png'),
('20120531164832937396455829039596862193755049', 'PB.ISSI', '', 3, '2012-05-31 16:48:32', 0, 1, '', 'Balap Sepeda', '', '', 'UKUR---SEPEDA.png'),
('20120531164505456942224613280165216083999246', '', '', 4, '2012-05-31 16:45:05', 1, 0, '', 'Angkat Besi/Berat/Binaraga', '', '', 'UKUR---PABBSI,-ANGKAT-BESI.png'),
('20120531164414839023660263123786920595136689', '', '', 3, '2012-05-31 16:44:14', 1, 0, '', 'Anggar', '', '', 'BELA---ANGGAR.png'),
('567547456456456456456456456', 'PB.PRSI', '', 2, '2012-05-31 00:00:00', 1, 0, '', 'Aquatic', '', '', ''),
('20120531170300468519061847256950498647315979', '', '', 8, '2012-05-31 17:03:00', 1, 0, '', 'Bermotor', '', '', 'UKUR---BERMOTOR.png'),
('20120531170318163844717428025178899995079895', '', '', 12, '2012-05-31 17:03:18', 1, 0, '', 'Bridge', '', '', 'MAIN---BRIDGE.png'),
('20120531170338969544112835048484564687624639', '', '', 20, '2012-05-31 17:03:38', 1, 0, '', 'Kempo', '', '', 'BELA---KEMPO.png'),
('20120531170358783952593373817631419265693151', '', '', 24, '2012-05-31 17:03:58', 1, 0, '', 'Panjat Tebing', '', '', 'UKUR---PANJAT-TEBING.png'),
('20120531170419159410579384666676374667339048', '', '', 30, '2012-05-31 17:04:19', 1, 0, '', 'Sepatu Roda', '', '', 'MAIN---SEPATU-RODA.png'),
('20120531170436164050309175858890165271603059', '', '', 31, '2012-05-31 17:04:36', 1, 0, '', 'SKI Air', '', '', 'UKUR---SKI-AIR.png'),
('20120531170454850904448974961349529425541275', '', '', 34, '2012-05-31 17:04:54', 1, 0, '', 'Tarung Drajat', '', '', 'BELA---TARUNG-DERAJAT.png'),
('20120627184905318067385438451512259969850695', '', '', 39, '2012-06-27 18:49:05', 0, 1, '', 'nomor 40', '', '', ''),
('679787078353243535345364644575', '', '', 31, '2012-08-04 00:00:00', 1, 0, '', 'Softball', '', '', '');

-- --------------------------------------------------------

--
-- Table structure for table `tbl_cabang_olahraga_1`
--

CREATE TABLE IF NOT EXISTS `tbl_cabang_olahraga_1` (
  `cabang_id` varchar(254) NOT NULL,
  `deskripsi` varchar(254) NOT NULL,
  `group_cabang_id` varchar(254) NOT NULL,
  `id_upper` varchar(254) NOT NULL,
  `level` int(11) NOT NULL,
  `waktu` datetime NOT NULL,
  `status` int(11) NOT NULL,
  `status_delete` int(11) NOT NULL,
  `nama` varchar(254) NOT NULL,
  `id_kriteria_0` varchar(254) NOT NULL,
  `id_kriteria_1` varchar(254) NOT NULL,
  `icon` varchar(50) NOT NULL
) ENGINE=MyISAM DEFAULT CHARSET=latin1;

--
-- Dumping data for table `tbl_cabang_olahraga_1`
--

INSERT INTO `tbl_cabang_olahraga_1` (`cabang_id`, `deskripsi`, `group_cabang_id`, `id_upper`, `level`, `waktu`, `status`, `status_delete`, `nama`, `id_kriteria_0`, `id_kriteria_1`, `icon`) VALUES
('20120701222205931710365637885709748543283487', '', '', '567547456456456456456456456', 3, '2012-07-01 22:22:05', 1, 0, 'Loncat Indah', '', '', ''),
('20120701222217163432552809029159537690575300', '', '', '567547456456456456456456456', 4, '2012-07-01 22:22:17', 1, 0, 'Polo Air', '', '', ''),
('20120701222258390988838594037127880863226049', '', '', '20120531164505456942224613280165216083999246', 1, '2012-07-01 22:22:58', 1, 0, 'Angkat Besi', '', '', ''),
('20120701222154758509550837599301725227518805', '', '', '567547456456456456456456456', 2, '2012-07-01 22:21:54', 1, 0, 'Renang Indah', '', '', ''),
('20120701221747841875094644645832413737511651', '', '', '20120531170242687837122870756669553431698180', 5, '2012-07-01 22:17:47', 1, 0, 'Terjun Payung', '', '', ''),
('20120701222145124656824590313462079242595407', '', '', '567547456456456456456456456', 1, '2012-07-01 22:21:45', 1, 0, 'Renang', '', '', ''),
('20120701221734687693070409179221145198078093', '', '', '20120531170242687837122870756669553431698180', 4, '2012-07-01 22:17:34', 1, 0, 'Terbang Layang', '', '', ''),
('20120701221723162508039215804040247436492157', '', '', '20120531170242687837122870756669553431698180', 3, '2012-07-01 22:17:23', 1, 0, 'Paralayang', '', '', ''),
('20120701221702152774267285085652118294117495', '', '', '20120531170242687837122870756669553431698180', 1, '2012-07-01 22:17:02', 1, 0, 'Aeromodeling', '', '', ''),
('20120701221712964740134117980526990446886057', '', '', '20120531170242687837122870756669553431698180', 2, '2012-07-01 22:17:12', 1, 0, 'Gantole', '', '', ''),
('20120701222305166796151709548124471227353867', '', '', '20120531164505456942224613280165216083999246', 2, '2012-07-01 22:23:05', 1, 0, 'Angkat Berat', '', '', ''),
('20120701222311291678663636179853614139409047', '', '', '20120531164505456942224613280165216083999246', 3, '2012-07-01 22:23:11', 1, 0, 'Binaraga', '', '', ''),
('20120702195145495751257048312824336376499215', '', '', '20120531164414839023660263123786920595136689', 1, '2012-07-02 19:51:45', 1, 0, 'Floret', '657436345345464564564', '56756563454354654645654645', ''),
('20120702195157355742816339554502800997406781', '', '', '20120531164414839023660263123786920595136689', 2, '2012-07-02 19:51:57', 1, 0, 'Degen', '657436345345464564564', '56756563454354654645654645', ''),
('20120702195208245339020804391657314226499347', '', '', '20120531164414839023660263123786920595136689', 3, '2012-07-02 19:52:08', 1, 0, 'Sabel', '657436345345464564564', '56756563454354654645654645', ''),
('20120702195222096167904370308905646082728034', '', '', '20120531164414839023660263123786920595136689', 4, '2012-07-02 19:52:22', 1, 0, 'Floret', '5465465464564543564365467456546', '7895676456345345345646456457645645', ''),
('20120702195234661246200913800578320947516760', '', '', '20120531164414839023660263123786920595136689', 5, '2012-07-02 19:52:34', 1, 0, 'Degen', '5465465464564543564365467456546', '7895676456345345345646456457645645', ''),
('20120702195258232564511147223909060883536890', '', '', '20120531164414839023660263123786920595136689', 6, '2012-07-02 19:52:58', 1, 0, 'Sabel', '5465465464564543564365467456546', '7895676456345345345646456457645645', ''),
('20120702195326884112550442247017416213050815', '', '', '20120531164414839023660263123786920595136689', 7, '2012-07-02 19:53:26', 1, 0, 'Floret', '657436345345464564564', '7645356434789345675478564657', ''),
('20120702195341623608588496114056442268676691', '', '', '20120531164414839023660263123786920595136689', 8, '2012-07-02 19:53:41', 1, 0, 'Degen', '657436345345464564564', '7645356434789345675478564657', ''),
('20120702195357025330837307704139709903581155', '', '', '20120531164414839023660263123786920595136689', 9, '2012-07-02 19:53:57', 1, 0, 'Sabel', '657436345345464564564', '7645356434789345675478564657', ''),
('20120702195414096322942242172994810932024956', '', '', '20120531164414839023660263123786920595136689', 10, '2012-07-02 19:54:14', 1, 0, 'Floret', '5465465464564543564365467456546', '34534534565478769768856', ''),
('20120702195425132302563826487665974593818460', '', '', '20120531164414839023660263123786920595136689', 11, '2012-07-02 19:54:25', 1, 0, 'Degen', '5465465464564543564365467456546', '34534534565478769768856', ''),
('20120702195437857486812001788474402948367996', '', '', '20120531164414839023660263123786920595136689', 12, '2012-07-02 19:54:37', 1, 0, 'Sabel', '5465465464564543564365467456546', '34534534565478769768856', ''),
('20120720192246073559374034860007722005763650', '', '', '20120531165943439814321643825502040203603832', 1, '2012-07-20 19:22:46', 0, 1, 'Futsal', '5465465464564543564365467456546', '7895676456345345345646456457645645', ''),
('20120727184713660565078449714669979428882789', '', '', '20120531165029796151709548124471227353867291', 1, '2012-07-27 18:47:13', 1, 0, '100 M', '657436345345464564564', '56756563454354654645654645', ''),
('20120727184726029572140528142746361335737757', '', '', '20120531165029796151709548124471227353867291', 2, '2012-07-27 18:47:26', 1, 0, '200 M', '657436345345464564564', '56756563454354654645654645', ''),
('20120727184737339248029152165684415968814534', '', '', '20120531165029796151709548124471227353867291', 3, '2012-07-27 18:47:37', 1, 0, '400 M', '657436345345464564564', '56756563454354654645654645', ''),
('20120727184749137911307116493328899400417645', '', '', '20120531165029796151709548124471227353867291', 4, '2012-07-27 18:47:49', 1, 0, '800 M', '657436345345464564564', '56756563454354654645654645', ''),
('20120727184923200944896189606498482377007390', '', '', '20120531165029796151709548124471227353867291', 5, '2012-07-27 18:49:23', 1, 0, '1500 M', '657436345345464564564', '56756563454354654645654645', ''),
('20120727184937955543478620256328929606983934', '', '', '20120531165029796151709548124471227353867291', 6, '2012-07-27 18:49:37', 1, 0, '5000 M', '657436345345464564564', '56756563454354654645654645', ''),
('20120727184951526319179922280195212584175807', '', '', '20120531165029796151709548124471227353867291', 7, '2012-07-27 18:49:51', 1, 0, '10.000 M', '657436345345464564564', '56756563454354654645654645', ''),
('20120727185003835553932314275944562037344910', '', '', '20120531165029796151709548124471227353867291', 8, '2012-07-27 18:50:03', 1, 0, '110 M Gawang', '657436345345464564564', '56756563454354654645654645', ''),
('20120727185017292914351849380981366688076775', '', '', '20120531165029796151709548124471227353867291', 9, '2012-07-27 18:50:17', 1, 0, '400 M Gawang', '657436345345464564564', '56756563454354654645654645', ''),
('20120727185032413310524467436675654274111685', '', '', '20120531165029796151709548124471227353867291', 10, '2012-07-27 18:50:32', 1, 0, '3.000 M Halang Rintang', '657436345345464564564', '56756563454354654645654645', ''),
('20120727185047722187413991558523808897208373', '', '', '20120531165029796151709548124471227353867291', 11, '2012-07-27 18:50:47', 1, 0, '10 Km Jalan Cepat', '657436345345464564564', '56756563454354654645654645', ''),
('20120727185105044060763879868416808502064935', '', '', '20120531165029796151709548124471227353867291', 12, '2012-07-27 18:51:05', 1, 0, '20 Km Jalan Cepat', '657436345345464564564', '56756563454354654645654645', ''),
('20120727185306378545132721549770125443320404', '', '', '20120531165029796151709548124471227353867291', 13, '2012-07-27 18:53:06', 1, 0, '4 x 100 M ', '5465465464564543564365467456546', '7895676456345345345646456457645645', ''),
('20120727185321509295899627538836954658409250', '', '', '20120531165029796151709548124471227353867291', 14, '2012-07-27 18:53:21', 1, 0, '4 x 400 M', '5465465464564543564365467456546', '7895676456345345345646456457645645', ''),
('20120727185335971497546217561440146819008590', '', '', '20120531165029796151709548124471227353867291', 15, '2012-07-27 18:53:35', 1, 0, 'Marathon', '657436345345464564564', '56756563454354654645654645', ''),
('20120727185403562961768505360178153033941669', '', '', '20120531165029796151709548124471227353867291', 16, '2012-07-27 18:54:03', 1, 0, 'Lompat Jauh', '657436345345464564564', '56756563454354654645654645', ''),
('20120727185425501997713121146541877497797627', '', '', '20120531165029796151709548124471227353867291', 17, '2012-07-27 18:54:25', 1, 0, 'Lompat Tinggi', '657436345345464564564', '56756563454354654645654645', ''),
('20120727185441449365487579401687857018371932', '', '', '20120531165029796151709548124471227353867291', 18, '2012-07-27 18:54:41', 1, 0, 'Lompat Jangkit', '657436345345464564564', '56756563454354654645654645', ''),
('20120727185453110429048363915302931367556233', '', '', '20120531165029796151709548124471227353867291', 19, '2012-07-27 18:54:53', 1, 0, 'Lompat Tinggi Galah', '657436345345464564564', '56756563454354654645654645', ''),
('20120727185505362817294173762414412260218160', '', '', '20120531165029796151709548124471227353867291', 20, '2012-07-27 18:55:05', 1, 0, 'Lempar Cakram', '657436345345464564564', '56756563454354654645654645', ''),
('20120727185526375099589168336530427187117200', '', '', '20120531165029796151709548124471227353867291', 21, '2012-07-27 18:55:26', 1, 0, 'Lempar Lembing', '657436345345464564564', '56756563454354654645654645', ''),
('20120727185543731302982801332292752050728151', '', '', '20120531165029796151709548124471227353867291', 22, '2012-07-27 18:55:43', 1, 0, 'Tolak Peluru', '657436345345464564564', '56756563454354654645654645', ''),
('20120727185559692427044637513640685936670500', '', '', '20120531165029796151709548124471227353867291', 23, '2012-07-27 18:55:59', 1, 0, 'Lontar Martil', '657436345345464564564', '56756563454354654645654645', ''),
('20120727185615796615703423853879167372801367', '', '', '20120531165029796151709548124471227353867291', 24, '2012-07-27 18:56:15', 1, 0, 'Dasa Lomba', '657436345345464564564', '56756563454354654645654645', ''),
('20120727185710573692446293396165501217337498', '', '', '20120531170223828236815024324663471131981851', 1, '2012-07-27 18:57:10', 1, 0, 'Changkuan', '657436345345464564564', '56756563454354654645654645', ''),
('20120727185727784332660283019397206056092396', '', '', '20120531170223828236815024324663471131981851', 2, '2012-07-27 18:57:27', 1, 0, 'Daoshu signplus Gunshu', '657436345345464564564', '56756563454354654645654645', ''),
('20120727185800345380212870966525565297107846', '', '', '20120531170223828236815024324663471131981851', 3, '2012-07-27 18:58:00', 1, 0, 'Nanquan signplus Nangun', '657436345345464564564', '56756563454354654645654645', ''),
('20120727185809037293466269901931776532077567', '', '', '20120531170223828236815024324663471131981851', 4, '2012-07-27 18:58:09', 1, 0, 'Tajiquan signplus Taijijian', '657436345345464564564', '56756563454354654645654645', ''),
('20120727185819845840623042585860557903415689', '', '', '20120531170223828236815024324663471131981851', 5, '2012-07-27 18:58:19', 1, 0, 'Duillian', '657436345345464564564', '56756563454354654645654645', ''),
('20120727185830845032567964507655410809809944', '', '', '20120531170223828236815024324663471131981851', 6, '2012-07-27 18:58:30', 1, 0, 'Jianshu signplus Qiangshu', '657436345345464564564', '56756563454354654645654645', ''),
('20120727185840929957493812441750829325377680', '', '', '20120531170223828236815024324663471131981851', 7, '2012-07-27 18:58:40', 1, 0, 'Kelas sd 48 Kg', '657436345345464564564', '56756563454354654645654645', ''),
('20120727185915413661934245350016414677208180', '', '', '20120531170223828236815024324663471131981851', 8, '2012-07-27 18:59:15', 1, 0, 'Kelas diatas 49 sd 52 Kg', '657436345345464564564', '56756563454354654645654645', ''),
('20120727185929923264272449463259091593440939', '', '', '20120531170223828236815024324663471131981851', 9, '2012-07-27 18:59:29', 1, 0, 'Kelas diatas 52 sd 56 Kg', '657436345345464564564', '56756563454354654645654645', ''),
('20120727185941898827856648203122918673340582', '', '', '20120531170223828236815024324663471131981851', 10, '2012-07-27 18:59:41', 1, 0, 'Kelas diatas 56 sd 60 Kg', '657436345345464564564', '56756563454354654645654645', ''),
('20120727185952616168968009468519061847256950', '', '', '20120531170223828236815024324663471131981851', 11, '2012-07-27 18:59:52', 1, 0, 'Kelas diatas 60 sd 65 Kg', '657436345345464564564', '56756563454354654645654645', ''),
('20120727190003498647315979163844717428025178', '', '', '20120531170223828236815024324663471131981851', 12, '2012-07-27 19:00:03', 1, 0, 'Kelas diatas 65 sd 70 Kg', '657436345345464564564', '56756563454354654645654645', ''),
('20120727190014899995079895512613863725223080', '', '', '20120531170223828236815024324663471131981851', 13, '2012-07-27 19:00:14', 1, 0, 'Changkuan', '657436345345464564564', '7645356434789345675478564657', ''),
('20120727190029711124884039352821831267611962', '', '', '20120531170223828236815024324663471131981851', 14, '2012-07-27 19:00:29', 1, 0, 'Jianshu signplus Qiangshu', '657436345345464564564', '7645356434789345675478564657', ''),
('20120727190046936727527587635988093632909091', '', '', '20120531170223828236815024324663471131981851', 15, '2012-07-27 19:00:46', 1, 0, 'Nanquan signplus Nandao', '657436345345464564564', '7645356434789345675478564657', ''),
('20120727190059879037176345088257217172450812', '', '', '20120531170223828236815024324663471131981851', 16, '2012-07-27 19:00:59', 1, 0, 'Tajiquan signplus Taijijian', '657436345345464564564', '7645356434789345675478564657', ''),
('20120727190115568771000169991394585926033319', '', '', '20120531170223828236815024324663471131981851', 17, '2012-07-27 19:01:15', 1, 0, 'Duillian', '657436345345464564564', '7645356434789345675478564657', ''),
('20120727190128190570555878584711803360761714', '', '', '20120531170223828236815024324663471131981851', 18, '2012-07-27 19:01:28', 1, 0, 'Daoshu signplus Gunshu', '657436345345464564564', '7645356434789345675478564657', ''),
('20120727190142030948571499392178936912750925', '', '', '20120531170223828236815024324663471131981851', 19, '2012-07-27 19:01:42', 1, 0, 'Kelas sd 48 Kg', '657436345345464564564', '7645356434789345675478564657', ''),
('20120727190156897283641855147487947933656425', '', '', '20120531170223828236815024324663471131981851', 20, '2012-07-27 19:01:56', 1, 0, 'Kelas diatas 48 sd 52 Kg', '657436345345464564564', '7645356434789345675478564657', ''),
('20120727190210173744517462913313380339901147', '', '', '20120531170223828236815024324663471131981851', 21, '2012-07-27 19:02:10', 1, 0, 'Kelas diatas 52 sd 56 Kg', '657436345345464564564', '7645356434789345675478564657', ''),
('20120727190341368289900278011135357206723041', '', '', '20120531170207878229773931507862530080642658', 1, '2012-07-27 19:03:41', 1, 0, 'VOLI INDOOR', '', '', ''),
('20120727190355132052163048663324114190821965', '', '', '20120531170207878229773931507862530080642658', 2, '2012-07-27 19:03:55', 1, 0, 'VOLI PANTAI', '', '', ''),
('20120727190605873776116191373236617353892571', '', '', '20120531170150780722836903113624281148493111', 1, '2012-07-27 19:06:05', 1, 0, 'Kelas  46-49 Kg', '657436345345464564564', '56756563454354654645654645', ''),
('20120727190619518059101304326798302109922512', '', '', '20120531170150780722836903113624281148493111', 2, '2012-07-27 19:06:19', 1, 0, 'Kelas 52 Kg', '657436345345464564564', '56756563454354654645654645', ''),
('20120727190634036476653890416681581883291654', '', '', '20120531170150780722836903113624281148493111', 3, '2012-07-27 19:06:34', 1, 0, 'Kelas 56 Kg', '657436345345464564564', '56756563454354654645654645', ''),
('20120727190645841961566550606285989280202233', '', '', '20120531170150780722836903113624281148493111', 4, '2012-07-27 19:06:45', 1, 0, 'Kelas 60  Kg', '657436345345464564564', '56756563454354654645654645', ''),
('20120727190657775929511059452477979029455119', '', '', '20120531170150780722836903113624281148493111', 5, '2012-07-27 19:06:57', 1, 0, 'Kelas 64 Kg', '657436345345464564564', '56756563454354654645654645', ''),
('20120727190707347308022667263562758375418565', '', '', '20120531170150780722836903113624281148493111', 6, '2012-07-27 19:07:07', 1, 0, 'Kelas 69 Kg', '657436345345464564564', '56756563454354654645654645', ''),
('20120727190718012963318984088717045762444618', '', '', '20120531170150780722836903113624281148493111', 7, '2012-07-27 19:07:18', 1, 0, 'Kelas 75 Kg', '657436345345464564564', '56756563454354654645654645', ''),
('20120727190729215154550025261733817080780575', '', '', '20120531170150780722836903113624281148493111', 8, '2012-07-27 19:07:29', 1, 0, 'Kelas 81 Kg', '657436345345464564564', '56756563454354654645654645', ''),
('20120727190740610356080694103704295638117650', '', '', '20120531170150780722836903113624281148493111', 9, '2012-07-27 19:07:40', 1, 0, 'Kelas 91 Kg', '657436345345464564564', '56756563454354654645654645', ''),
('20120727190753902613908006163476286369457113', '', '', '20120531170150780722836903113624281148493111', 10, '2012-07-27 19:07:53', 1, 0, 'Kelas 45-48 Kg', '657436345345464564564', '7645356434789345675478564657', ''),
('20120727190806535420617301358796549236117079', '', '', '20120531170150780722836903113624281148493111', 11, '2012-07-27 19:08:06', 1, 0, 'Kelas 51 Kg', '657436345345464564564', '7645356434789345675478564657', ''),
('20120727190818088457535984610286977194489254', '', '', '20120531170150780722836903113624281148493111', 12, '2012-07-27 19:08:18', 1, 0, 'Kelas 54 Kg', '657436345345464564564', '7645356434789345675478564657', ''),
('20120727190831221778667009424886501529382052', '', '', '20120531170150780722836903113624281148493111', 13, '2012-07-27 19:08:31', 1, 0, 'Kelas 57 Kg', '657436345345464564564', '7645356434789345675478564657', ''),
('20120727190842578496413922444123184357164070', '', '', '20120531170150780722836903113624281148493111', 14, '2012-07-27 19:08:42', 1, 0, 'Kelas 60 Kg', '657436345345464564564', '7645356434789345675478564657', ''),
('20120727190854295686134341032888478884293390', '', '', '20120531170150780722836903113624281148493111', 15, '2012-07-27 19:08:54', 1, 0, 'Kelas 64 Kg', '657436345345464564564', '7645356434789345675478564657', ''),
('20120727191244793695166884922231630088553008', '', '', '20120531170132231675368493493475816292547820', 1, '2012-07-27 19:12:44', 1, 0, 'Beregu', '5465465464564543564365467456546', '7895676456345345345646456457645645', ''),
('20120727191254890671729453647181837891366489', '', '', '20120531170132231675368493493475816292547820', 2, '2012-07-27 19:12:54', 1, 0, 'Tunggal', '657436345345464564564', '56756563454354654645654645', ''),
('20120727191306011772548802868399787321221211', '', '', '20120531170132231675368493493475816292547820', 3, '2012-07-27 19:13:06', 1, 0, 'Ganda', '567456754645634534556456456546', '46456345325234565756756756', ''),
('20120727191317674473877733585830561303139128', '', '', '20120531170132231675368493493475816292547820', 4, '2012-07-27 19:13:17', 1, 0, 'Beregu', '5465465464564543564365467456546', '34534534565478769768856', ''),
('20120727191333088325782138163359265188613409', '', '', '20120531170132231675368493493475816292547820', 5, '2012-07-27 19:13:33', 1, 0, 'Tunggal', '657436345345464564564', '7645356434789345675478564657', ''),
('20120727191344822349451213284866995186816703', '', '', '20120531170132231675368493493475816292547820', 6, '2012-07-27 19:13:44', 1, 0, 'Ganda', '567456754645634534556456456546', '3243534543543543535', ''),
('20120727191355457587439495345709297724593403', '', '', '20120531170132231675368493493475816292547820', 7, '2012-07-27 19:13:55', 1, 0, 'Ganda', '567456754645634534556456456546', '435435465464354354365464646', ''),
('20120727191430161245982585345019153727358911', '', '', '20120531170101390742040381825199248304649302', 1, '2012-07-27 19:14:30', 1, 0, 'Beregu', '5465465464564543564365467456546', '7895676456345345345646456457645645', ''),
('20120727191441679175546835502387549206121578', '', '', '20120531170101390742040381825199248304649302', 2, '2012-07-27 19:14:41', 1, 0, 'Tunggal', '657436345345464564564', '56756563454354654645654645', ''),
('20120727191459701906669277845451533808134533', '', '', '20120531170101390742040381825199248304649302', 3, '2012-07-27 19:14:59', 1, 0, 'Ganda', '567456754645634534556456456546', '46456345325234565756756756', ''),
('20120727191511966700599779256296176850536017', '', '', '20120531170101390742040381825199248304649302', 4, '2012-07-27 19:15:11', 1, 0, 'Beregu', '5465465464564543564365467456546', '34534534565478769768856', ''),
('20120727191524012007897681078425092094276114', '', '', '20120531170101390742040381825199248304649302', 5, '2012-07-27 19:15:24', 1, 0, 'Tunggal', '657436345345464564564', '7645356434789345675478564657', ''),
('20120727191535873845781157186782314750406811', '', '', '20120531170101390742040381825199248304649302', 6, '2012-07-27 19:15:35', 1, 0, 'Ganda', '567456754645634534556456456546', '3243534543543543535', ''),
('20120727191545349014977791687356107615384447', '', '', '20120531170101390742040381825199248304649302', 7, '2012-07-27 19:15:45', 1, 0, 'Ganda', '567456754645634534556456456546', '435435465464354354365464646', ''),
('20120727191655815303394166950199771312114654', '', '', '20120531170454850904448974961349529425541275', 1, '2012-07-27 19:16:55', 1, 0, 'Kelas sd 52 Kg', '657436345345464564564', '56756563454354654645654645', ''),
('20120727191705187749779762744936548757940168', '', '', '20120531170454850904448974961349529425541275', 2, '2012-07-27 19:17:05', 1, 0, 'Kelas 52,1-55 Kg', '657436345345464564564', '56756563454354654645654645', ''),
('20120727191714785701837193211042904836391530', '', '', '20120531170454850904448974961349529425541275', 3, '2012-07-27 19:17:14', 1, 0, 'Kelas 55,1-58 Kg', '657436345345464564564', '56756563454354654645654645', ''),
('20120727191725293136755623392995749381244175', '', '', '20120531170454850904448974961349529425541275', 4, '2012-07-27 19:17:25', 1, 0, 'Kelas 58,1-61 Kg', '657436345345464564564', '56756563454354654645654645', ''),
('20120727191737082932537768041366193424535001', '', '', '20120531170454850904448974961349529425541275', 5, '2012-07-27 19:17:37', 1, 0, 'Kelas 61,1-64 Kg', '657436345345464564564', '56756563454354654645654645', ''),
('20120727191750641467720818092326427244946325', '', '', '20120531170454850904448974961349529425541275', 6, '2012-07-27 19:17:50', 1, 0, 'Kelas 64,1-67 Kg', '657436345345464564564', '56756563454354654645654645', ''),
('20120727191802909159344093989882785664820312', '', '', '20120531170454850904448974961349529425541275', 7, '2012-07-27 19:18:02', 1, 0, 'Kelas sampai dengan 52 Kg', '657436345345464564564', '7645356434789345675478564657', ''),
('20120727191815291867334058261616896800946851', '', '', '20120531170454850904448974961349529425541275', 8, '2012-07-27 19:18:15', 1, 0, 'Kelas 52,1-58 Kg', '657436345345464564564', '7645356434789345675478564657', ''),
('20120727191827906184725695049864731597916384', '', '', '20120531170454850904448974961349529425541275', 9, '2012-07-27 19:18:27', 1, 0, 'Seni Gerak', '657436345345464564564', '56457897645789764567856757567', ''),
('20120727191920471742802517889999507989551261', '', '', '20120531165958839713704250267277264437477435', 1, '2012-07-27 19:19:20', 1, 0, 'Perorangan', '657436345345464564564', '56756563454354654645654645', ''),
('20120727191931386372522308071112488403935282', '', '', '20120531165958839713704250267277264437477435', 2, '2012-07-27 19:19:31', 1, 0, 'Beregu', '5465465464564543564365467456546', '7895676456345345345646456457645645', ''),
('20120727191944183126761196293672752758763598', '', '', '20120531165958839713704250267277264437477435', 3, '2012-07-27 19:19:44', 1, 0, 'Perorangan', '657436345345464564564', '7645356434789345675478564657', ''),
('20120727191955809363290909187903717634508825', '', '', '20120531165958839713704250267277264437477435', 4, '2012-07-27 19:19:55', 1, 0, 'Beregu', '5465465464564543564365467456546', '34534534565478769768856', ''),
('20120727192043458592603331919057055587858471', '', '', '20120531165943439814321643825502040203603832', 1, '2012-07-27 19:20:43', 0, 1, 'Beregu', '5465465464564543564365467456546', '7895676456345345345646456457645645', ''),
('20120727192109893691275092589728364185514748', '', '', '20120531165943439814321643825502040203603832', 1, '2012-07-27 19:21:09', 1, 0, 'SEPAKBOLA', '', '', ''),
('20120727192123794793365642517374451746291331', '', '', '20120531165943439814321643825502040203603832', 2, '2012-07-27 19:21:23', 1, 0, 'FUTSAL', '', '', ''),
('20120727192320411419082196565630805255377474', '', '', '20120531170037710005127007984407783880399322', 1, '2012-07-27 19:23:20', 1, 0, '54 Kg (max 54 Kg)', '657436345345464564564', '56756563454354654645654645', ''),
('20120727192330673505520588931857272319915984', '', '', '20120531170037710005127007984407783880399322', 2, '2012-07-27 19:23:30', 1, 0, '8 Kg (max 54,01-58 Kg)', '657436345345464564564', '56756563454354654645654645', ''),
('20120727192338318222323301225401423819146517', '', '', '20120531170037710005127007984407783880399322', 3, '2012-07-27 19:23:38', 1, 0, '63 Kg (max 58,01-63 Kg)', '657436345345464564564', '56756563454354654645654645', ''),
('20120727192348043937479753450444346678444979', '', '', '20120531170037710005127007984407783880399322', 4, '2012-07-27 19:23:48', 1, 0, '68 Kg (max 63,01-68 Kg)', '657436345345464564564', '56756563454354654645654645', ''),
('20120727192402146485300181022725739428561812', '', '', '20120531170037710005127007984407783880399322', 5, '2012-07-27 19:24:02', 1, 0, '74 Kg (max 68,01-74 Kg)', '657436345345464564564', '56756563454354654645654645', ''),
('20120727192413115972616203249949854194206310', '', '', '20120531170037710005127007984407783880399322', 6, '2012-07-27 19:24:13', 1, 0, '80 Kg (max 74,01-80 Kg)', '657436345345464564564', '56756563454354654645654645', ''),
('20120727192426249123098522459625998457236929', '', '', '20120531170037710005127007984407783880399322', 7, '2012-07-27 19:24:26', 1, 0, '87 Kg (max 80,01-87 Kg)', '657436345345464564564', '56756563454354654645654645', ''),
('20120727192437517411468538311506808811920038', '', '', '20120531170037710005127007984407783880399322', 8, '2012-07-27 19:24:37', 1, 0, 'Over 87 Kg', '657436345345464564564', '56756563454354654645654645', ''),
('20120727192449133154799899297924559406877616', '', '', '20120531170037710005127007984407783880399322', 9, '2012-07-27 19:24:49', 1, 0, 'Seni (Poomsae)/Individual', '657436345345464564564', '56756563454354654645654645', ''),
('20120727192501454659827789426956713336729298', '', '', '20120531170037710005127007984407783880399322', 10, '2012-07-27 19:25:01', 1, 0, '46 Kg (max 46 Kg)', '657436345345464564564', '7645356434789345675478564657', ''),
('20120727192513609218063902083428725850087736', '', '', '20120531170037710005127007984407783880399322', 11, '2012-07-27 19:25:13', 1, 0, '49 Kg (max 46,01-49 Kg)', '657436345345464564564', '7645356434789345675478564657', ''),
('20120727192526505487199234777655362683152811', '', '', '20120531170037710005127007984407783880399322', 12, '2012-07-27 19:25:26', 1, 0, '53 Kg (max 49,01-53 Kg)', '657436345345464564564', '7645356434789345675478564657', ''),
('20120727192539184076005927688072247329471976', '', '', '20120531170037710005127007984407783880399322', 13, '2012-07-27 19:25:39', 1, 0, '57 Kg (max 53,01-57 Kg)', '657436345345464564564', '7645356434789345675478564657', ''),
('20120727192554943989376337914232182358513952', '', '', '20120531170037710005127007984407783880399322', 14, '2012-07-27 19:25:54', 1, 0, '62 Kg (max 57,01-62 Kg)', '657436345345464564564', '7645356434789345675478564657', ''),
('20120727192607640699463764549343138260721171', '', '', '20120531170037710005127007984407783880399322', 15, '2012-07-27 19:26:07', 1, 0, '67 Kg (max 62,01-67 Kg)', '657436345345464564564', '7645356434789345675478564657', ''),
('20120727192618837637228417257883374951572486', '', '', '20120531170037710005127007984407783880399322', 16, '2012-07-27 19:26:18', 1, 0, 'Over 73 Kg', '657436345345464564564', '7645356434789345675478564657', ''),
('20120727192630216355958309086386323076283030', '', '', '20120531170037710005127007984407783880399322', 17, '2012-07-27 19:26:30', 1, 0, 'Seni (Poomsae)/Individual', '657436345345464564564', '7645356434789345675478564657', ''),
('20120727192704945481739264523840341073432253', '', '', '20120531170436164050309175858890165271603059', 1, '2012-07-27 19:27:04', 1, 0, 'Slalom', '657436345345464564564', '56756563454354654645654645', ''),
('20120727192713821914102533083730770413970990', '', '', '20120531170436164050309175858890165271603059', 2, '2012-07-27 19:27:13', 1, 0, 'Track Riding', '657436345345464564564', '56756563454354654645654645', ''),
('20120727192722358115525071745957434367226719', '', '', '20120531170436164050309175858890165271603059', 3, '2012-07-27 19:27:22', 1, 0, 'Wakeboard ', '657436345345464564564', '56756563454354654645654645', ''),
('20120727192733844026393028933407652037544876', '', '', '20120531170436164050309175858890165271603059', 4, '2012-07-27 19:27:33', 1, 0, 'Slalom', '657436345345464564564', '7645356434789345675478564657', ''),
('20120727192745147825272536935165052946927482', '', '', '20120531170436164050309175858890165271603059', 5, '2012-07-27 19:27:45', 1, 0, 'Track Riding', '657436345345464564564', '7645356434789345675478564657', ''),
('20120727192800580400596659600668245212099623', '', '', '20120531170436164050309175858890165271603059', 6, '2012-07-27 19:28:00', 1, 0, 'Wakeboard ', '657436345345464564564', '7645356434789345675478564657', ''),
('20120727192818557933611145234348932237440239', '', '', '20120531170436164050309175858890165271603059', 7, '2012-07-27 19:28:18', 1, 0, 'Wakeboard ', '5465465464564543564365467456546', '5678457646587634534567567567567', ''),
('20120727192856107639016112622545397769511534', '', '', '20120531170419159410579384666676374667339048', 1, '2012-07-27 19:28:56', 1, 0, '300 M ITT', '657436345345464564564', '56756563454354654645654645', ''),
('20120727192905014727281799421866965980450414', '', '', '20120531170419159410579384666676374667339048', 2, '2012-07-27 19:29:05', 1, 0, '500 M ITT', '657436345345464564564', '56756563454354654645654645', ''),
('20120727192913141102165552762112467517325906', '', '', '20120531170419159410579384666676374667339048', 3, '2012-07-27 19:29:13', 1, 0, '1.500 M Sprint', '657436345345464564564', '56756563454354654645654645', ''),
('20120727192924522350154321368238355403042202', '', '', '20120531170419159410579384666676374667339048', 4, '2012-07-27 19:29:24', 1, 0, '5.000 M Relay', '657436345345464564564', '56756563454354654645654645', ''),
('20120727192938363960485800365937840712503052', '', '', '20120531170419159410579384666676374667339048', 5, '2012-07-27 19:29:38', 0, 1, '10.000 M Point to Point', '657436345345464564564', '7645356434789345675478564657', ''),
('20120727192958101503197220494962004293583280', '', '', '20120531170419159410579384666676374667339048', 5, '2012-07-27 19:29:58', 1, 0, '10.000 M Point to Point', '657436345345464564564', '56756563454354654645654645', ''),
('20120727193016181675490236249822833903553696', '', '', '20120531170419159410579384666676374667339048', 6, '2012-07-27 19:30:16', 1, 0, '300 M ITT', '657436345345464564564', '7645356434789345675478564657', ''),
('20120727193032636052832534385785334306035643', '', '', '20120531170419159410579384666676374667339048', 7, '2012-07-27 19:30:32', 1, 0, '500 M ITT', '657436345345464564564', '7645356434789345675478564657', ''),
('20120727193044249056985375040034943305353521', '', '', '20120531170419159410579384666676374667339048', 8, '2012-07-27 19:30:44', 1, 0, '1.500 M Sprint', '657436345345464564564', '7645356434789345675478564657', ''),
('20120727193059765953244509880441877840506011', '', '', '20120531170419159410579384666676374667339048', 9, '2012-07-27 19:30:59', 1, 0, '5.000 M Relay', '657436345345464564564', '7645356434789345675478564657', ''),
('20120727193112304017833209244314856978727400', '', '', '20120531170419159410579384666676374667339048', 10, '2012-07-27 19:31:12', 1, 0, '10.000 M Point to Point', '657436345345464564564', '7645356434789345675478564657', ''),
('20120727193204087541361049047039128331134186', '', '', '20120531165045678663636179853614139409047478', 1, '2012-07-27 19:32:04', 1, 0, 'ROAD RACE', '', '', ''),
('20120727193210413455452598427294148391574027', '', '', '20120531165045678663636179853614139409047478', 2, '2012-07-27 19:32:10', 1, 0, 'MTB', '', '', ''),
('20120727193218094915614995010340397772695819', '', '', '20120531165045678663636179853614139409047478', 3, '2012-07-27 19:32:18', 1, 0, 'BMX', '', '', ''),
('20120728010455120378294622943724339365040233', '', '', '20120531165130479773447055522129311575912201', 1, '2012-07-28 01:04:55', 1, 0, 'Baseball', '', '', ''),
('20120728010509908308118039179523100851961257', '', '', '679787078353243535345364644575', 2, '2012-07-28 01:05:09', 1, 0, 'Softball', '', '', ''),
('20120728010614905842565476867383513485657063', '', '', '20120531170300468519061847256950498647315979', 1, '2012-07-28 01:06:14', 1, 0, 'Kelas 110 cc 4 Langkah Standar', '657436345345464564564', '56457897645789764567856757567', ''),
('20120728010626816611512765317500383803804469', '', '', '20120531170300468519061847256950498647315979', 2, '2012-07-28 01:06:26', 1, 0, 'Kelas 125 cc 4 Langkah Standar', '657436345345464564564', '56457897645789764567856757567', ''),
('20120728010645223270029945144503771244100363', '', '', '20120531170300468519061847256950498647315979', 3, '2012-07-28 01:06:45', 1, 0, 'Kelas 110 cc 4 Langkah Standar', '5465465464564543564365467456546', '7876846764353464576575675675675675685', ''),
('20120728010701871923233276839287608135986775', '', '', '20120531170300468519061847256950498647315979', 4, '2012-07-28 01:07:01', 1, 0, 'Kelas 125 cc 4 Langkah Standar', '5465465464564543564365467456546', '7876846764353464576575675675675675685', ''),
('20120728010721104455421502927018687525867251', '', '', '20120531165207682170061843628966459089891422', 1, '2012-07-28 01:07:21', 1, 0, 'Snooker Single', '657436345345464564564', '56756563454354654645654645', ''),
('20120728010731860630291046194695747809078604', '', '', '20120531165207682170061843628966459089891422', 2, '2012-07-28 01:07:31', 0, 1, 'Snooker Double', '657436345345464564564', '56756563454354654645654645', ''),
('20120728010749653804944775520431715101140388', '', '', '20120531165207682170061843628966459089891422', 2, '2012-07-28 01:07:49', 1, 0, 'Snooker Double', '567456754645634534556456456546', '46456345325234565756756756', ''),
('20120728010802826539110759562641553193824153', '', '', '20120531165207682170061843628966459089891422', 3, '2012-07-28 01:08:02', 1, 0, 'English Billiard Single', '657436345345464564564', '56756563454354654645654645', ''),
('20120728010814778903797748908549160841639316', '', '', '20120531165207682170061843628966459089891422', 4, '2012-07-28 01:08:14', 1, 0, 'Three Chusion', '657436345345464564564', '56756563454354654645654645', ''),
('20120728010825421434704761278934913100897232', '', '', '20120531165207682170061843628966459089891422', 5, '2012-07-28 01:08:25', 1, 0, '8 Ball Single', '657436345345464564564', '56756563454354654645654645', ''),
('20120728010837196080188655943607318284306529', '', '', '20120531165207682170061843628966459089891422', 6, '2012-07-28 01:08:37', 1, 0, '9 Ball Single', '657436345345464564564', '56756563454354654645654645', ''),
('20120728010857205236853031015693646701760981', '', '', '20120531165207682170061843628966459089891422', 7, '2012-07-28 01:08:57', 1, 0, '9 Ball Double', '567456754645634534556456456546', '46456345325234565756756756', ''),
('20120728010910064633323991249667895031799707', '', '', '20120531165207682170061843628966459089891422', 8, '2012-07-28 01:09:10', 1, 0, '10 Ball Single', '657436345345464564564', '56756563454354654645654645', ''),
('20120728010922353102437611824619071494457556', '', '', '20120531165207682170061843628966459089891422', 9, '2012-07-28 01:09:22', 1, 0, '8 Ball Single', '657436345345464564564', '7645356434789345675478564657', ''),
('20120728010935533895069258321017728577679711', '', '', '20120531165207682170061843628966459089891422', 10, '2012-07-28 01:09:35', 1, 0, '9 Ball Single', '657436345345464564564', '7645356434789345675478564657', ''),
('20120728010949543960873989609288177302807977', '', '', '20120531165207682170061843628966459089891422', 11, '2012-07-28 01:09:49', 1, 0, '9 Ball Double', '567456754645634534556456456546', '3243534543543543535', ''),
('20120728011011859153212900161080944513582110', '', '', '20120531165150644487267457924064954638204784', 1, '2012-07-28 01:10:11', 1, 0, 'Beregu', '5465465464564543564365467456546', '7895676456345345345646456457645645', ''),
('20120728011019970877053099118109283923824290', '', '', '20120531165150644487267457924064954638204784', 2, '2012-07-28 01:10:19', 1, 0, 'Beregu', '5465465464564543564365467456546', '34534534565478769768856', ''),
('20120728011516004661014359750730853711591315', '', '', '20120531165230955426457449412604226534628936', 1, '2012-07-28 01:15:16', 1, 0, 'Single', '657436345345464564564', '56756563454354654645654645', ''),
('20120728011525008820876195842063555100634830', '', '', '20120531165230955426457449412604226534628936', 2, '2012-07-28 01:15:25', 1, 0, 'Double', '567456754645634534556456456546', '46456345325234565756756756', ''),
('20120728011541076841989716209358146411671021', '', '', '20120531165230955426457449412604226534628936', 3, '2012-07-28 01:15:41', 1, 0, 'Trio', '5465465464564543564365467456546', '7895676456345345345646456457645645', ''),
('20120728011554418300974091545095814857640840', '', '', '20120531165230955426457449412604226534628936', 4, '2012-07-28 01:15:54', 1, 0, 'All Event', '657436345345464564564', '56756563454354654645654645', ''),
('20120728011604973542373685898663818776440133', '', '', '20120531165230955426457449412604226534628936', 5, '2012-07-28 01:16:04', 1, 0, 'Master', '657436345345464564564', '56756563454354654645654645', ''),
('20120728011616644723055660146002505187881422', '', '', '20120531165230955426457449412604226534628936', 6, '2012-07-28 01:16:16', 1, 0, 'Single', '657436345345464564564', '7645356434789345675478564657', ''),
('20120728011628517191954250773725014025708368', '', '', '20120531165230955426457449412604226534628936', 7, '2012-07-28 01:16:28', 1, 0, 'Double', '567456754645634534556456456546', '3243534543543543535', ''),
('20120728011919507281516924270446375136406859', '', '', '20120531165230955426457449412604226534628936', 8, '2012-07-28 01:19:19', 1, 0, 'Trio', '5465465464564543564365467456546', '34534534565478769768856', ''),
('20120728011933366705007966157034238538791673', '', '', '20120531165230955426457449412604226534628936', 9, '2012-07-28 01:19:33', 1, 0, 'All Event', '657436345345464564564', '7645356434789345675478564657', ''),
('20120728011945728013675736924462933961655012', '', '', '20120531165230955426457449412604226534628936', 10, '2012-07-28 01:19:45', 1, 0, 'Master', '657436345345464564564', '7645356434789345675478564657', ''),
('20120728012024173374987843326602830193972060', '', '', '20120531170318163844717428025178899995079895', 1, '2012-07-28 01:20:24', 1, 0, 'Patkawan', '5465465464564543564365467456546', '7895676456345345345646456457645645', ''),
('20120728012034560923962217786670094248865015', '', '', '20120531170318163844717428025178899995079895', 2, '2012-07-28 01:20:34', 1, 0, 'Pasangan', '567456754645634534556456456546', '46456345325234565756756756', ''),
('20120728012044376372284172578833749515724862', '', '', '20120531170318163844717428025178899995079895', 3, '2012-07-28 01:20:44', 1, 0, 'Patkawan', '5465465464564543564365467456546', '34534534565478769768856', ''),
('20120728012054163559583090863863230762830309', '', '', '20120531170318163844717428025178899995079895', 4, '2012-07-28 01:20:54', 1, 0, 'Pasangan', '567456754645634534556456456546', '3243534543543543535', ''),
('20120728012106454817392645238403410734322538', '', '', '20120531170318163844717428025178899995079895', 5, '2012-07-28 01:21:06', 1, 0, 'Pasangan', '567456754645634534556456456546', '435435465464354354365464646', ''),
('20120728012121440263930289334076520375448761', '', '', '20120531165305563589515871099819682614178318', 1, '2012-07-28 01:21:21', 1, 0, 'Beregu', '5465465464564543564365467456546', '7895676456345345345646456457645645', ''),
('20120728012132478252725369351650529469274825', '', '', '20120531165305563589515871099819682614178318', 2, '2012-07-28 01:21:32', 1, 0, 'Tunggal', '657436345345464564564', '56756563454354654645654645', ''),
('20120728012147804005966596006682452120996235', '', '', '20120531165305563589515871099819682614178318', 3, '2012-07-28 01:21:47', 1, 0, 'Ganda', '567456754645634534556456456546', '46456345325234565756756756', ''),
('20120728012201579336111452343489322374402391', '', '', '20120531165305563589515871099819682614178318', 4, '2012-07-28 01:22:01', 1, 0, 'Beregu', '5465465464564543564365467456546', '34534534565478769768856', ''),
('20120728012215076390161126225453977695115340', '', '', '20120531165305563589515871099819682614178318', 5, '2012-07-28 01:22:15', 1, 0, 'Tunggal', '657436345345464564564', '7645356434789345675478564657', ''),
('20120728012228147272817994218669659804504141', '', '', '20120531165305563589515871099819682614178318', 6, '2012-07-28 01:22:28', 1, 0, 'Ganda', '567456754645634534556456456546', '3243534543543543535', ''),
('20120728012240411021655527621124675173259065', '', '', '20120531165305563589515871099819682614178318', 7, '2012-07-28 01:22:40', 1, 0, 'Ganda', '567456754645634534556456456546', '435435465464354354365464646', ''),
('20120728012345477319654574430497982651821414', '', '', '20120531165328071813422400160773416059012842', 1, '2012-07-28 01:23:45', 1, 0, 'Standar/Klasik', '657436345345464564564', '56756563454354654645654645', ''),
('20120728012351938618069758605922843550754202', '', '', '20120531165328071813422400160773416059012842', 2, '2012-07-28 01:23:51', 1, 0, 'Cepat', '657436345345464564564', '56756563454354654645654645', ''),
('20120728012405670200477803553059345456798286', '', '', '20120531165328071813422400160773416059012842', 3, '2012-07-28 01:24:05', 1, 0, 'Cepat', '5465465464564543564365467456546', '7895676456345345345646456457645645', ''),
('20120728012431740416276033023503333918617174', '', '', '20120531165328071813422400160773416059012842', 4, '2012-07-28 01:24:31', 1, 0, 'Kilat', '5465465464564543564365467456546', '7895676456345345345646456457645645', ''),
('20120728012447132934032867829610510028566976', '', '', '20120531165328071813422400160773416059012842', 5, '2012-07-28 01:24:47', 1, 0, 'Standar/Klasik', '5465465464564543564365467456546', '7895676456345345345646456457645645', ''),
('20120728012502693478598413572473788261918841', '', '', '20120531165328071813422400160773416059012842', 6, '2012-07-28 01:25:02', 1, 0, 'Standar/Klasik', '657436345345464564564', '7645356434789345675478564657', ''),
('20120728012518563830025759813151332017165803', '', '', '20120531165328071813422400160773416059012842', 7, '2012-07-28 01:25:18', 1, 0, 'Cepat', '657436345345464564564', '7645356434789345675478564657', ''),
('20120728012530172990282848185309619855264508', '', '', '20120531165328071813422400160773416059012842', 8, '2012-07-28 01:25:30', 1, 0, 'Cepat', '5465465464564543564365467456546', '34534534565478769768856', ''),
('20120728012543127776360139245009506536752877', '', '', '20120531165328071813422400160773416059012842', 9, '2012-07-28 01:25:43', 1, 0, 'Kilat', '5465465464564543564365467456546', '34534534565478769768856', ''),
('20120728012558421520277777239386499653589814', '', '', '20120531165328071813422400160773416059012842', 10, '2012-07-28 01:25:58', 1, 0, 'Standar/Klasik', '5465465464564543564365467456546', '34534534565478769768856', ''),
('20120728012612836091675290270146066225247485', '', '', '20120531165348850619205536818144971202203779', 1, '2012-07-28 01:26:12', 1, 0, 'CANOEING', '', '', ''),
('20120728012620947382628870087173830980478973', '', '', '20120531165348850619205536818144971202203779', 2, '2012-07-28 01:26:20', 1, 0, 'ROWING', '', '', ''),
('20120728012629755867872693729908391307814438', '', '', '20120531165348850619205536818144971202203779', 3, '2012-07-28 01:26:29', 1, 0, 'TRADISIONAL', '', '', ''),
('20120728012725674005346764917885107828887534', '', '', '20120531165408418235498696860104194011723192', 1, '2012-07-28 01:27:25', 1, 0, 'Perorangan', '657436345345464564564', '56756563454354654645654645', ''),
('20120728012735714308479540057357532501364244', '', '', '20120531165408418235498696860104194011723192', 2, '2012-07-28 01:27:35', 1, 0, 'Beregu', '5465465464564543564365467456546', '7895676456345345345646456457645645', ''),
('20120728012750180704507230062159211614282701', '', '', '20120531165408418235498696860104194011723192', 3, '2012-07-28 01:27:50', 1, 0, 'Foursome', '5465465464564543564365467456546', '7895676456345345345646456457645645', ''),
('20120728012800168618599680795720197852963993', '', '', '20120531165408418235498696860104194011723192', 4, '2012-07-28 01:28:00', 1, 0, 'Perorangan', '657436345345464564564', '7645356434789345675478564657', ''),
('20120728012818436237119715839181235229826233', '', '', '20120531165408418235498696860104194011723192', 5, '2012-07-28 01:28:18', 1, 0, 'Beregu', '5465465464564543564365467456546', '34534534565478769768856', ''),
('20120728012829223501543213682383554030422023', '', '', '20120531165408418235498696860104194011723192', 6, '2012-07-28 01:28:29', 1, 0, 'Foursome', '5465465464564543564365467456546', '34534534565478769768856', ''),
('20120728012844639604858003659378407125030529', '', '', '20120531165408418235498696860104194011723192', 7, '2012-07-28 01:28:44', 1, 0, 'Foursome', '5465465464564543564365467456546', '5678457646587634534567567567567', ''),
('20120728012906495545765290580102069180856051', '', '', '20120531165426915302931367556233929957493812', 1, '2012-07-28 01:29:06', 1, 0, 'Gaya Bebas Kelas sd 50 Kg', '657436345345464564564', '56756563454354654645654645', ''),
('20120728012917015031972204949620042935832801', '', '', '20120531165426915302931367556233929957493812', 2, '2012-07-28 01:29:17', 1, 0, 'Gaya Bebas Kelas sd 55 Kg', '657436345345464564564', '56756563454354654645654645', ''),
('20120728012927816754902362498228339035536966', '', '', '20120531165426915302931367556233929957493812', 3, '2012-07-28 01:29:27', 1, 0, 'Gaya Bebas Kelas sd 60 Kg', '657436345345464564564', '56756563454354654645654645', ''),
('20120728012936360528325343857853343060356430', '', '', '20120531165426915302931367556233929957493812', 4, '2012-07-28 01:29:36', 1, 0, 'Gaya Bebas Kelas sd 66 Kg', '657436345345464564564', '56756563454354654645654645', ''),
('20120728012946875413610490470391283311341860', '', '', '20120531165426915302931367556233929957493812', 5, '2012-07-28 01:29:46', 1, 0, 'Gaya Bebas Kelas sd 74 Kg', '657436345345464564564', '56756563454354654645654645', ''),
('20120728012957949156149950103403977726958196', '', '', '20120531165426915302931367556233929957493812', 6, '2012-07-28 01:29:57', 1, 0, 'Gaya Bebas Kelas sd 84 Kg', '657436345345464564564', '56756563454354654645654645', ''),
('20120728013009593290529910093415988800035323', '', '', '20120531165426915302931367556233929957493812', 7, '2012-07-28 01:30:09', 1, 0, 'Gaya Bebas Kelas sd 96 Kg', '657436345345464564564', '56756563454354654645654645', ''),
('20120728013019572263723268153232806762377405', '', '', '20120531165426915302931367556233929957493812', 8, '2012-07-28 01:30:19', 1, 0, 'Gaya Bebas Kelas sd 120 Kg', '657436345345464564564', '56756563454354654645654645', ''),
('20120728013030489299995805210459244839394728', '', '', '20120531165426915302931367556233929957493812', 9, '2012-07-28 01:30:30', 1, 0, 'Gaya Grego Roman Kelas sd 50 Kg', '657436345345464564564', '56756563454354654645654645', ''),
('20120728013040315630499817526786600081858141', '', '', '20120531165426915302931367556233929957493812', 10, '2012-07-28 01:30:40', 1, 0, 'Gaya Grego Roman Kelas sd 55 Kg', '657436345345464564564', '56756563454354654645654645', ''),
('20120728013052676069537390510307535479172526', '', '', '20120531165426915302931367556233929957493812', 11, '2012-07-28 01:30:52', 1, 0, 'Gaya Grego Roman Kelas sd 60 Kg', '657436345345464564564', '56756563454354654645654645', ''),
('20120728013104388974456901779837211332223648', '', '', '20120531165426915302931367556233929957493812', 12, '2012-07-28 01:31:04', 1, 0, 'Gaya Grego Roman Kelas sd 66 Kg', '657436345345464564564', '56756563454354654645654645', ''),
('20120728013116550004702559134719563957046930', '', '', '20120531165426915302931367556233929957493812', 13, '2012-07-28 01:31:16', 1, 0, 'Gaya Grego Roman Kelas sd 74 Kg', '657436345345464564564', '56756563454354654645654645', ''),
('20120728013132657875045189421802235820846999', '', '', '20120531165426915302931367556233929957493812', 14, '2012-07-28 01:31:32', 1, 0, 'Gaya Grego Roman Kelas sd 84 Kg', '657436345345464564564', '56756563454354654645654645', ''),
('20120728013144376674249725361097492254159509', '', '', '20120531165426915302931367556233929957493812', 15, '2012-07-28 01:31:44', 1, 0, 'Gaya Grego Roman Kelas sd 96 Kg', '657436345345464564564', '56756563454354654645654645', ''),
('20120728013157031851655774947771708104338400', '', '', '20120531165426915302931367556233929957493812', 16, '2012-07-28 01:31:57', 1, 0, 'Gaya Grego Roman Kelas sd 120 Kg', '657436345345464564564', '56756563454354654645654645', ''),
('20120728013212421173394983353602263706800647', '', '', '20120531165426915302931367556233929957493812', 17, '2012-07-28 01:32:12', 1, 0, 'Gaya Bebas Kelas sd 51 Kg', '657436345345464564564', '7645356434789345675478564657', ''),
('20120728013225996903329217939971115487054953', '', '', '20120531165426915302931367556233929957493812', 18, '2012-07-28 01:32:25', 1, 0, 'Gaya Bebas Kelas sd 55 Kg', '657436345345464564564', '7645356434789345675478564657', ''),
('20120728013239837269897448689738911377110883', '', '', '20120531165426915302931367556233929957493812', 19, '2012-07-28 01:32:39', 1, 0, 'Gaya Bebas Kelas sd 59 Kg', '657436345345464564564', '7645356434789345675478564657', '');
INSERT INTO `tbl_cabang_olahraga_1` (`cabang_id`, `deskripsi`, `group_cabang_id`, `id_upper`, `level`, `waktu`, `status`, `status_delete`, `nama`, `id_kriteria_0`, `id_kriteria_1`, `icon`) VALUES
('20120728013254042348644800870385500400834985', '', '', '20120531165426915302931367556233929957493812', 20, '2012-07-28 01:32:54', 1, 0, 'Gaya Bebas Kelas sd 63 Kg', '657436345345464564564', '7645356434789345675478564657', ''),
('20120728013310203947984291201132567501708251', '', '', '20120531165426915302931367556233929957493812', 21, '2012-07-28 01:33:10', 1, 0, 'Gaya Bebas Kelas sd 67 Kg', '657436345345464564564', '7645356434789345675478564657', ''),
('20120728013321554157553213383328551175914366', '', '', '20120531165455441750829325377680413661934245', 1, '2012-07-28 01:33:21', 1, 0, 'Kelas sd -55 Kg', '657436345345464564564', '56756563454354654645654645', ''),
('20120728013339561955594669696821295260686691', '', '', '20120531165455441750829325377680413661934245', 2, '2012-07-28 01:33:39', 1, 0, 'Kelas sd 55 sd 60 Kg', '657436345345464564564', '56756563454354654645654645', ''),
('20120728013349334667545521811882021442034524', '', '', '20120531165455441750829325377680413661934245', 3, '2012-07-28 01:33:49', 1, 0, 'Kelas sd 60 sd 66 Kg', '657436345345464564564', '56756563454354654645654645', ''),
('20120728013359329519993635009641807692263906', '', '', '20120531165455441750829325377680413661934245', 4, '2012-07-28 01:33:59', 1, 0, 'Kelas sd 66 sd 73 Kg', '657436345345464564564', '56756563454354654645654645', ''),
('20120728013415765749751412085284687225549440', '', '', '20120531165455441750829325377680413661934245', 5, '2012-07-28 01:34:15', 1, 0, 'Kelas sd 73 sd 81 Kg', '657436345345464564564', '56756563454354654645654645', ''),
('20120728013425501176782623715509677958770045', '', '', '20120531165455441750829325377680413661934245', 6, '2012-07-28 01:34:25', 1, 0, 'Kelas sd 81 sd 90 Kg', '657436345345464564564', '56756563454354654645654645', ''),
('20120728013436449831780060161506392363170340', '', '', '20120531165455441750829325377680413661934245', 7, '2012-07-28 01:34:36', 1, 0, 'Kelas signplus 90 Kg', '657436345345464564564', '56756563454354654645654645', ''),
('20120728013446803120445417889352305383417013', '', '', '20120531165455441750829325377680413661934245', 8, '2012-07-28 01:34:46', 1, 0, 'Kelas signplus 100 Kg', '657436345345464564564', '56756563454354654645654645', ''),
('20120728013458741903464134069963735960271317', '', '', '20120531165455441750829325377680413661934245', 9, '2012-07-28 01:34:58', 1, 0, 'Kelas sd -45 Kg', '657436345345464564564', '7645356434789345675478564657', ''),
('20120728013509278132684622989095278751625579', '', '', '20120531165455441750829325377680413661934245', 10, '2012-07-28 01:35:09', 1, 0, 'Kelas sd 45 sd 48 Kg', '657436345345464564564', '7645356434789345675478564657', ''),
('20120728013521471482391739064567847586564776', '', '', '20120531165455441750829325377680413661934245', 11, '2012-07-28 01:35:21', 1, 0, 'Kelas sd 48 sd 52 Kg', '657436345345464564564', '7645356434789345675478564657', ''),
('20120728013532185195762950066487295706683616', '', '', '20120531165455441750829325377680413661934245', 12, '2012-07-28 01:35:32', 1, 0, 'Kelas sd 52 sd 57 Kg', '657436345345464564564', '7645356434789345675478564657', ''),
('20120728013543715169605503867716116314224409', '', '', '20120531165455441750829325377680413661934245', 13, '2012-07-28 01:35:43', 1, 0, 'Kelas sd 57 sd 63 Kg', '657436345345464564564', '7645356434789345675478564657', ''),
('20120728013556786078512817719621422002643104', '', '', '20120531165455441750829325377680413661934245', 14, '2012-07-28 01:35:56', 1, 0, 'Kelas sd 63 sd 70 Kg', '657436345345464564564', '7645356434789345675478564657', ''),
('20120728013607562542782761632290697123240824', '', '', '20120531165455441750829325377680413661934245', 15, '2012-07-28 01:36:07', 1, 0, 'Kelas sd 70 sd 78 Kg', '657436345345464564564', '7645356434789345675478564657', ''),
('20120728013619570755187396970368889184193126', '', '', '20120531165455441750829325377680413661934245', 16, '2012-07-28 01:36:19', 1, 0, 'Kelas sd signplus 78 Kg', '657436345345464564564', '7645356434789345675478564657', ''),
('20120728013631108432797851491636975907819930', '', '', '20120531165740350016414677208180923264272449', 1, '2012-07-28 01:36:31', 1, 0, 'Kelas - 55 Kg', '657436345345464564564', '56756563454354654645654645', ''),
('20120728013642488105508612238610431914166252', '', '', '20120531165740350016414677208180923264272449', 2, '2012-07-28 01:36:42', 1, 0, 'Kelas - 60 Kg', '657436345345464564564', '56756563454354654645654645', ''),
('20120728013701144335105288408816175416630036', '', '', '20120531165740350016414677208180923264272449', 3, '2012-07-28 01:37:01', 1, 0, 'Kelas - 67 Kg', '657436345345464564564', '56756563454354654645654645', ''),
('20120728013712008122831858635128309839060677', '', '', '20120531165740350016414677208180923264272449', 4, '2012-07-28 01:37:12', 1, 0, 'Kelas - 75 Kg', '657436345345464564564', '56756563454354654645654645', ''),
('20120728013722044143051400383266513853188032', '', '', '20120531165740350016414677208180923264272449', 5, '2012-07-28 01:37:22', 1, 0, 'Kelas - 84 Kg', '657436345345464564564', '56756563454354654645654645', ''),
('20120728013742474666976230760194557720127058', '', '', '20120531165740350016414677208180923264272449', 6, '2012-07-28 01:37:42', 1, 0, 'Kelas signplus 84 Kg', '657436345345464564564', '56756563454354654645654645', ''),
('20120728013755439282852612493658413788065436', '', '', '20120531165740350016414677208180923264272449', 7, '2012-07-28 01:37:55', 1, 0, 'Beregu', '5465465464564543564365467456546', '7895676456345345345646456457645645', ''),
('20120728013808094730018748473189097104726580', '', '', '20120531165740350016414677208180923264272449', 8, '2012-07-28 01:38:08', 1, 0, 'Kata Perorangan', '657436345345464564564', '56756563454354654645654645', ''),
('20120728013823764524621473557428163395545028', '', '', '20120531165740350016414677208180923264272449', 9, '2012-07-28 01:38:23', 1, 0, 'Kata Beregu', '5465465464564543564365467456546', '7895676456345345345646456457645645', ''),
('20120728013838009974067811435486983742029722', '', '', '20120531165740350016414677208180923264272449', 10, '2012-07-28 01:38:38', 1, 0, 'Kelas - 50 Kg', '657436345345464564564', '7645356434789345675478564657', ''),
('20120728013850651316966177020748825242540325', '', '', '20120531165740350016414677208180923264272449', 11, '2012-07-28 01:38:50', 1, 0, 'Kelas - 55 Kg', '657436345345464564564', '7645356434789345675478564657', ''),
('20120728013903888501179310617665157190404989', '', '', '20120531165740350016414677208180923264272449', 12, '2012-07-28 01:39:03', 1, 0, 'Kelas - 61 Kg', '657436345345464564564', '7645356434789345675478564657', ''),
('20120728013915463709820283534835967744223239', '', '', '20120531165740350016414677208180923264272449', 13, '2012-07-28 01:39:15', 1, 0, 'Kelas - 68 Kg', '657436345345464564564', '7645356434789345675478564657', ''),
('20120728013928575160075770677918862111004708', '', '', '20120531165740350016414677208180923264272449', 14, '2012-07-28 01:39:28', 1, 0, 'Kelas signplus 68 Kg', '657436345345464564564', '7645356434789345675478564657', ''),
('20120728013943921040879905433599632239505156', '', '', '20120531165740350016414677208180923264272449', 15, '2012-07-28 01:39:43', 1, 0, 'Beregu', '5465465464564543564365467456546', '34534534565478769768856', ''),
('20120728014000685956238875479986930142327295', '', '', '20120531165740350016414677208180923264272449', 16, '2012-07-28 01:40:00', 1, 0, 'Kata Perorangan', '657436345345464564564', '7645356434789345675478564657', ''),
('20120728014014591190978982448338327123552889', '', '', '20120531165740350016414677208180923264272449', 17, '2012-07-28 01:40:14', 1, 0, 'Kata Beregu', '5465465464564543564365467456546', '34534534565478769768856', ''),
('20120728014056627902730929287907190999531612', '', '', '20120531170338969544112835048484564687624639', 1, '2012-07-28 01:40:56', 1, 0, 'Randori Kelas 60 Kg', '657436345345464564564', '56756563454354654645654645', ''),
('20120728014105396648764851508757156751433634', '', '', '20120531170338969544112835048484564687624639', 2, '2012-07-28 01:41:05', 1, 0, 'Randori Kelas 66 Kg', '657436345345464564564', '56756563454354654645654645', ''),
('20120728014113559370507776068174582116442783', '', '', '20120531170338969544112835048484564687624639', 3, '2012-07-28 01:41:13', 1, 0, 'Randori Kelas 70 Kg', '657436345345464564564', '56756563454354654645654645', ''),
('20120728014126014441694552975605554312581186', '', '', '20120531170338969544112835048484564687624639', 4, '2012-07-28 01:41:26', 1, 0, 'Embu Berpasangan Kyu-1', '567456754645634534556456456546', '46456345325234565756756756', ''),
('20120728014140246317735125219289032021967582', '', '', '20120531170338969544112835048484564687624639', 5, '2012-07-28 01:41:40', 1, 0, 'Embu Berpasangan I-DAN', '567456754645634534556456456546', '46456345325234565756756756', ''),
('20120728014151374917749827988481059578845385', '', '', '20120531170338969544112835048484564687624639', 6, '2012-07-28 01:41:51', 1, 0, 'Embu Berpasangan II/III-DAN', '567456754645634534556456456546', '46456345325234565756756756', ''),
('20120728014206366358462407865530641670213915', '', '', '20120531170338969544112835048484564687624639', 7, '2012-07-28 01:42:06', 1, 0, 'Randori Kelas 45 Kg', '657436345345464564564', '7645356434789345675478564657', ''),
('20120728014228897492507868903096603000305779', '', '', '20120531170338969544112835048484564687624639', 8, '2012-07-28 01:42:28', 1, 0, 'Randori Kelas 48 Kg', '657436345345464564564', '7645356434789345675478564657', ''),
('20120728014243507706064685868767218490889377', '', '', '20120531170338969544112835048484564687624639', 9, '2012-07-28 01:42:43', 1, 0, 'Randori Kelas 51 Kg', '657436345345464564564', '7645356434789345675478564657', ''),
('20120728014257038958120326749857984991345039', '', '', '20120531170338969544112835048484564687624639', 10, '2012-07-28 01:42:57', 1, 0, 'Embu Berpasangan I-DAN', '657436345345464564564', '7645356434789345675478564657', ''),
('20120728014310701092131283806893010251836116', '', '', '20120531170338969544112835048484564687624639', 11, '2012-07-28 01:43:10', 1, 0, 'Embu Berpasangan II/III-DAN', '567456754645634534556456456546', '3243534543543543535', ''),
('20120728014324606721086205583835835991477872', '', '', '20120531170338969544112835048484564687624639', 12, '2012-07-28 01:43:24', 1, 0, 'Embu Beregu', '5465465464564543564365467456546', '34534534565478769768856', ''),
('20120728014341557449069905822679965581832647', '', '', '20120531170338969544112835048484564687624639', 13, '2012-07-28 01:43:41', 1, 0, 'Embu Berpasangan Campuran Yudansha', '567456754645634534556456456546', '435435465464354354365464646', ''),
('20120728014353878872138473215368043122065990', '', '', '20120531170338969544112835048484564687624639', 14, '2012-07-28 01:43:53', 1, 0, 'Embu Beregu Campuran Kyukenshi', '567456754645634534556456456546', '435435465464354354365464646', ''),
('20120728014527111599350271452549072070107114', '', '', '20120531170017022980777490324711388922901126', 1, '2012-07-28 01:45:27', 1, 0, 'Regu', '5465465464564543564365467456546', '7895676456345345345646456457645645', ''),
('20120728014537568352034224364416138026342574', '', '', '20120531170017022980777490324711388922901126', 2, '2012-07-28 01:45:37', 1, 0, 'Tim', '5465465464564543564365467456546', '7895676456345345345646456457645645', ''),
('20120728014547158438829043218537806058157123', '', '', '20120531170017022980777490324711388922901126', 3, '2012-07-28 01:45:47', 1, 0, 'Hoop', '5465465464564543564365467456546', '7895676456345345345646456457645645', ''),
('20120728014556799005880771381127144801198813', '', '', '20120531170017022980777490324711388922901126', 4, '2012-07-28 01:45:56', 1, 0, 'Double Event', '5465465464564543564365467456546', '7895676456345345345646456457645645', ''),
('20120728014609055969001105461795547590266445', '', '', '20120531170017022980777490324711388922901126', 5, '2012-07-28 01:46:09', 1, 0, 'Regu', '5465465464564543564365467456546', '34534534565478769768856', ''),
('20120728014624388122220938969479636420263592', '', '', '20120531170017022980777490324711388922901126', 6, '2012-07-28 01:46:24', 1, 0, 'Tim', '5465465464564543564365467456546', '34534534565478769768856', ''),
('20120728014639953841797881487237251568685547', '', '', '20120531170017022980777490324711388922901126', 7, '2012-07-28 01:46:39', 1, 0, 'Hoop', '5465465464564543564365467456546', '34534534565478769768856', ''),
('20120728014653253930842008483331736450569068', '', '', '20120531170017022980777490324711388922901126', 8, '2012-07-28 01:46:53', 1, 0, 'Double Event', '5465465464564543564365467456546', '34534534565478769768856', ''),
('20120728014726242157172155220811948298892706', '', '', '20120531165929029850100021621894161796711175', 1, '2012-07-28 01:47:26', 1, 0, 'ARTISTIK', '', '', ''),
('20120728014735650421698742733041823196050282', '', '', '20120531165929029850100021621894161796711175', 2, '2012-07-28 01:47:35', 1, 0, 'RITMIK', '', '', ''),
('20120728014745154667146441577531794861830608', '', '', '20120531165929029850100021621894161796711175', 3, '2012-07-28 01:47:45', 1, 0, 'AEROBIC GYMNASTIC', '', '', ''),
('20120728014806293820525784964139224441231843', '', '', '20120531165915001854950817613259516041290627', 1, '2012-07-28 01:48:06', 1, 0, 'KOLAM', '', '', ''),
('20120728014814571640702956861343410328884788', '', '', '20120531165915001854950817613259516041290627', 2, '2012-07-28 01:48:14', 1, 0, 'LAUT', '', '', ''),
('20120728015342413087921439859249784816122433', '', '', '20120531165756463259091593440939898827856648', 1, '2012-07-28 01:53:42', 1, 0, 'Optimist', '657436345345464564564', '56756563454354654645654645', ''),
('20120728015351421066273792610988559525535648', '', '', '20120531165756463259091593440939898827856648', 2, '2012-07-28 01:53:51', 1, 0, 'Laser Radial', '657436345345464564564', '56756563454354654645654645', ''),
('20120728015400832063865166747696585517957464', '', '', '20120531165756463259091593440939898827856648', 3, '2012-07-28 01:54:00', 1, 0, 'International 420', '657436345345464564564', '56756563454354654645654645', ''),
('20120728015409563792008968893976862238035989', '', '', '20120531165756463259091593440939898827856648', 4, '2012-07-28 01:54:09', 1, 0, 'Techno 293', '657436345345464564564', '56756563454354654645654645', ''),
('20120728015419775764483077698588695179069207', '', '', '20120531165756463259091593440939898827856648', 5, '2012-07-28 01:54:19', 1, 0, 'RSX', '657436345345464564564', '56756563454354654645654645', ''),
('20120728015429876232759755585475204619106775', '', '', '20120531165756463259091593440939898827856648', 6, '2012-07-28 01:54:29', 1, 0, 'Mistral OD H/W', '657436345345464564564', '56756563454354654645654645', ''),
('20120728015440396052018020532332594717613512', '', '', '20120531165756463259091593440939898827856648', 7, '2012-07-28 01:54:40', 1, 0, 'Mistral OD L/W', '657436345345464564564', '56756563454354654645654645', ''),
('20120728015451315445156479474481942767610654', '', '', '20120531165756463259091593440939898827856648', 8, '2012-07-28 01:54:51', 1, 0, 'Optimist', '657436345345464564564', '7645356434789345675478564657', ''),
('20120728015507453434697740097190299496715977', '', '', '20120531165756463259091593440939898827856648', 9, '2012-07-28 01:55:07', 1, 0, 'Laser Radial', '657436345345464564564', '7645356434789345675478564657', ''),
('20120728015519108917348101803406032654436413', '', '', '20120531165756463259091593440939898827856648', 10, '2012-07-28 01:55:19', 1, 0, 'International 420', '657436345345464564564', '7645356434789345675478564657', ''),
('20120728015532716962386352636897795561522896', '', '', '20120531165756463259091593440939898827856648', 11, '2012-07-28 01:55:32', 1, 0, 'Techno 293', '657436345345464564564', '7645356434789345675478564657', ''),
('20120728015543150456739730516475008136369942', '', '', '20120531165756463259091593440939898827856648', 12, '2012-07-28 01:55:43', 1, 0, 'RSX', '657436345345464564564', '7645356434789345675478564657', ''),
('20120728015558675775822496378094314131565964', '', '', '20120531165756463259091593440939898827856648', 13, '2012-07-28 01:55:58', 1, 0, 'Laser 4.7', '657436345345464564564', '56457897645789764567856757567', ''),
('20120728015614956627864713238267732520111400', '', '', '20120531165756463259091593440939898827856648', 14, '2012-07-28 01:56:14', 1, 0, 'International 470', '657436345345464564564', '56457897645789764567856757567', ''),
('20120728015627898614363541409966738059393901', '', '', '20120531165756463259091593440939898827856648', 15, '2012-07-28 01:56:27', 1, 0, 'Hobie 16', '657436345345464564564', '56457897645789764567856757567', ''),
('20120728015639913217918423840704882836218696', '', '', '20120531165756463259091593440939898827856648', 16, '2012-07-28 01:56:39', 1, 0, 'Fireball', '657436345345464564564', '56457897645789764567856757567', ''),
('20120728015725471014860660496502483911112182', '', '', '20120531165858142629240154084033735176764064', 1, '2012-07-28 01:57:25', 1, 0, 'Kelas A, 45 sd 50 Kg', '657436345345464564564', '56756563454354654645654645', ''),
('20120728015734911288459361950585462030334561', '', '', '20120531165858142629240154084033735176764064', 2, '2012-07-28 01:57:34', 1, 0, 'Kelas B, signplus50 sd 55 Kg', '657436345345464564564', '56756563454354654645654645', ''),
('20120728015742072615850430545999342941689407', '', '', '20120531165858142629240154084033735176764064', 3, '2012-07-28 01:57:42', 1, 0, 'Kelas C, signplus55 sd 60 Kg', '657436345345464564564', '56756563454354654645654645', ''),
('20120728015752497009672002158642322130013694', '', '', '20120531165858142629240154084033735176764064', 4, '2012-07-28 01:57:52', 1, 0, 'Kelas D, signplus60 sd 65 Kg', '657436345345464564564', '56756563454354654645654645', ''),
('20120728020003086673014894493956830357909042', '', '', '20120531165858142629240154084033735176764064', 5, '2012-07-28 02:00:03', 1, 0, 'Kelas E, signplus65 sd 70 Kg', '657436345345464564564', '56756563454354654645654645', ''),
('20120728020014323812145168171592555314128937', '', '', '20120531165858142629240154084033735176764064', 6, '2012-07-28 02:00:14', 1, 0, 'Kelas F, signplus70 sd 75 Kg', '657436345345464564564', '56756563454354654645654645', ''),
('20120728020026870917069331266939840362632607', '', '', '20120531165858142629240154084033735176764064', 7, '2012-07-28 02:00:26', 1, 0, 'Kelas G, signplus75 sd 80 Kg', '657436345345464564564', '56756563454354654645654645', ''),
('20120728020039036125243012692359831480104169', '', '', '20120531165858142629240154084033735176764064', 8, '2012-07-28 02:00:39', 1, 0, 'Kelas H, signplus80 sd 85 Kg', '657436345345464564564', '56756563454354654645654645', ''),
('20120728020051740884707102691659797583960677', '', '', '20120531165858142629240154084033735176764064', 9, '2012-07-28 02:00:51', 1, 0, 'Kelas I, signplus85 sd 90 Kg', '657436345345464564564', '56756563454354654645654645', ''),
('20120728020106307952455356035511234795815021', '', '', '20120531165858142629240154084033735176764064', 10, '2012-07-28 02:01:06', 1, 0, 'Tunggal', '657436345345464564564', '56756563454354654645654645', ''),
('20120728020120335013343586895280563743553743', '', '', '20120531165858142629240154084033735176764064', 11, '2012-07-28 02:01:20', 1, 0, 'Ganda', '567456754645634534556456456546', '46456345325234565756756756', ''),
('20120728020145852709865564464220532979795313', '', '', '20120531165858142629240154084033735176764064', 12, '2012-07-28 02:01:45', 1, 0, 'Beregu', '5465465464564543564365467456546', '7895676456345345345646456457645645', ''),
('20120728020158758860960715314643475631605390', '', '', '20120531165858142629240154084033735176764064', 13, '2012-07-28 02:01:58', 1, 0, 'Kelas A, 45 sd 50 Kg', '657436345345464564564', '7645356434789345675478564657', ''),
('20120728020214374519312257034885730397718966', '', '', '20120531165858142629240154084033735176764064', 14, '2012-07-28 02:02:14', 1, 0, 'Kelas B, signplus50 sd 55 Kg', '657436345345464564564', '7645356434789345675478564657', ''),
('20120728020225758045994287464183525198766148', '', '', '20120531165858142629240154084033735176764064', 15, '2012-07-28 02:02:25', 1, 0, 'Kelas C, signplus55 sd 60 Kg', '657436345345464564564', '7645356434789345675478564657', ''),
('20120728020237288081930891917417676869219589', '', '', '20120531165858142629240154084033735176764064', 16, '2012-07-28 02:02:37', 1, 0, 'Kelas D, signplus60 sd 65 Kg', '657436345345464564564', '7645356434789345675478564657', ''),
('20120728020248350833117046793430128912158342', '', '', '20120531165858142629240154084033735176764064', 17, '2012-07-28 02:02:48', 1, 0, 'Kelas E, signplus65 sd 70 Kg', '657436345345464564564', '7645356434789345675478564657', ''),
('20120728020301467137258185329505366541069094', '', '', '20120531165858142629240154084033735176764064', 18, '2012-07-28 02:03:01', 1, 0, 'Tunggal', '657436345345464564564', '7645356434789345675478564657', ''),
('20120728020315383145954688495751257048312824', '', '', '20120531165858142629240154084033735176764064', 19, '2012-07-28 02:03:15', 1, 0, 'Ganda', '567456754645634534556456456546', '3243534543543543535', ''),
('20120728020328336376499215253211557352696989', '', '', '20120531165858142629240154084033735176764064', 20, '2012-07-28 02:03:28', 1, 0, 'Beregu', '5465465464564543564365467456546', '34534534565478769768856', ''),
('20120728020406861226499137131064148861642837', '', '', '20120531170358783952593373817631419265693151', 1, '2012-07-28 02:04:06', 1, 0, 'Lead', '657436345345464564564', '56756563454354654645654645', ''),
('20120728020413898729395172124024355569972417', '', '', '20120531170358783952593373817631419265693151', 2, '2012-07-28 02:04:13', 1, 0, 'Boulder', '657436345345464564564', '56756563454354654645654645', ''),
('20120728020424432717847091912526873425706213', '', '', '20120531170358783952593373817631419265693151', 3, '2012-07-28 02:04:24', 1, 0, 'Speed Record', '657436345345464564564', '56756563454354654645654645', ''),
('20120728020440448804967959805076307972341966', '', '', '20120531170358783952593373817631419265693151', 4, '2012-07-28 02:04:40', 1, 0, 'Speed Track', '657436345345464564564', '56756563454354654645654645', ''),
('20120728020453311072100302680957678409598207', '', '', '20120531170358783952593373817631419265693151', 5, '2012-07-28 02:04:53', 1, 0, 'Boulder', '5465465464564543564365467456546', '7895676456345345345646456457645645', ''),
('20120728020507080725856559742565829676787468', '', '', '20120531170358783952593373817631419265693151', 6, '2012-07-28 02:05:07', 1, 0, 'Speed Track Estafet', '5465465464564543564365467456546', '7895676456345345345646456457645645', ''),
('20120728020518238002794648347511515754068639', '', '', '20120531170358783952593373817631419265693151', 7, '2012-07-28 02:05:18', 1, 0, 'Lead', '657436345345464564564', '7645356434789345675478564657', ''),
('20120728020534948990465146706814469560516622', '', '', '20120531170358783952593373817631419265693151', 8, '2012-07-28 02:05:34', 1, 0, 'Boulder', '657436345345464564564', '7645356434789345675478564657', ''),
('20120728020546225783481972753120930969039664', '', '', '20120531170358783952593373817631419265693151', 9, '2012-07-28 02:05:46', 1, 0, 'Speed Record', '657436345345464564564', '7645356434789345675478564657', ''),
('20120728020558085350163631324331211012709370', '', '', '20120531170358783952593373817631419265693151', 10, '2012-07-28 02:05:58', 1, 0, 'Speed Track', '657436345345464564564', '7645356434789345675478564657', ''),
('20120728020617133648351049609793525152495208', '', '', '20120531170358783952593373817631419265693151', 11, '2012-07-28 02:06:17', 1, 0, 'Boulder', '5465465464564543564365467456546', '34534534565478769768856', ''),
('20120728020631782406694328833234077974174832', '', '', '20120531170358783952593373817631419265693151', 12, '2012-07-28 02:06:31', 1, 0, 'Speed Track Estafet', '5465465464564543564365467456546', '34534534565478769768856', ''),
('20120728020645626220607455191097649470706631', '', '', '20120531170358783952593373817631419265693151', 13, '2012-07-28 02:06:45', 1, 0, 'Boulder', '567456754645634534556456456546', '435435465464354354365464646', ''),
('20120728020657171939190872410432377875657009', '', '', '20120531170358783952593373817631419265693151', 14, '2012-07-28 02:06:57', 1, 0, 'Speed Track Estafet', '567456754645634534556456456546', '435435465464354354365464646', ''),
('20120728020739187550918240643073376086403344', '', '', '20120531165840379289248514604314096284025561', 1, '2012-07-28 02:07:39', 1, 0, 'FITA Recurve OR Perorangan', '657436345345464564564', '56756563454354654645654645', ''),
('20120728020750257927754549653094362587780805', '', '', '20120531165840379289248514604314096284025561', 2, '2012-07-28 02:07:50', 1, 0, 'FITA Recurve OR Beregu', '5465465464564543564365467456546', '7895676456345345345646456457645645', ''),
('20120728020800124634529474996490517208975441', '', '', '20120531165840379289248514604314096284025561', 3, '2012-07-28 02:08:00', 1, 0, 'FITA Compound OR Perorangan', '657436345345464564564', '56756563454354654645654645', ''),
('20120728020814516440728296963367439212748213', '', '', '20120531165840379289248514604314096284025561', 4, '2012-07-28 02:08:14', 1, 0, 'FITA Compound OR Beregu', '5465465464564543564365467456546', '7895676456345345345646456457645645', ''),
('20120728020828779119279495830351437026363470', '', '', '20120531165840379289248514604314096284025561', 5, '2012-07-28 02:08:28', 1, 0, 'Nasional OR Perorangan', '657436345345464564564', '56756563454354654645654645', ''),
('20120728020846669724380910925302731491454478', '', '', '20120531165840379289248514604314096284025561', 6, '2012-07-28 02:08:46', 1, 0, 'Nasional  OR Beregu', '5465465464564543564365467456546', '7895676456345345345646456457645645', ''),
('20120728020859411390325164197226866878065735', '', '', '20120531165840379289248514604314096284025561', 7, '2012-07-28 02:08:59', 1, 0, 'FITA Recurve OR Perorangan', '657436345345464564564', '7645356434789345675478564657', ''),
('20120728020914059733873357130247746357160442', '', '', '20120531165840379289248514604314096284025561', 8, '2012-07-28 02:09:14', 1, 0, 'FITA Recurve OR Beregu', '5465465464564543564365467456546', '34534534565478769768856', ''),
('20120728020925101746576827575589150515305796', '', '', '20120531165840379289248514604314096284025561', 9, '2012-07-28 02:09:25', 1, 0, 'FITA Compound OR Perorangan', '657436345345464564564', '7645356434789345675478564657', ''),
('20120728020941229922795533062172405730699773', '', '', '20120531165840379289248514604314096284025561', 10, '2012-07-28 02:09:41', 1, 0, 'FITA Compound OR Beregu', '5465465464564543564365467456546', '34534534565478769768856', ''),
('20120728020953629542119647926899929493490847', '', '', '20120531165840379289248514604314096284025561', 11, '2012-07-28 02:09:53', 1, 0, 'Nasional OR Perorangan', '657436345345464564564', '7645356434789345675478564657', ''),
('20120728021004722252989397233414418633124120', '', '', '20120531165840379289248514604314096284025561', 12, '2012-07-28 02:10:04', 1, 0, 'Nasional  OR Beregu', '5465465464564543564365467456546', '34534534565478769768856', ''),
('20120728022742153125876581523781776017629706', '', '', '20120531165816203122918673340582616168968009', 1, '2012-07-28 02:27:42', 1, 0, '10 M Air Rifle', '657436345345464564564', '56756563454354654645654645', ''),
('20120728022751147519780788103443885750393328', '', '', '20120531165816203122918673340582616168968009', 2, '2012-07-28 02:27:51', 1, 0, '10 M Air Pistol', '657436345345464564564', '56756563454354654645654645', ''),
('20120728022759408263057200525720235079610026', '', '', '20120531165816203122918673340582616168968009', 3, '2012-07-28 02:27:59', 1, 0, '50 M Rifle Prone', '657436345345464564564', '56756563454354654645654645', ''),
('20120728022809576316564813402842895980144932', '', '', '20120531165816203122918673340582616168968009', 4, '2012-07-28 02:28:09', 1, 0, '50 M Rifle 3 Position', '657436345345464564564', '56756563454354654645654645', ''),
('20120728022819393379444286486478204279134320', '', '', '20120531165816203122918673340582616168968009', 5, '2012-07-28 02:28:19', 1, 0, '50 M Free Pistol', '657436345345464564564', '56756563454354654645654645', ''),
('20120728022830473613795613066672129289732166', '', '', '20120531165816203122918673340582616168968009', 6, '2012-07-28 02:28:30', 1, 0, '25 M Standard Pistol', '657436345345464564564', '56756563454354654645654645', ''),
('20120728022841854726765251671178634957097032', '', '', '20120531165816203122918673340582616168968009', 7, '2012-07-28 02:28:41', 1, 0, '25 M Center Fire Pistol', '657436345345464564564', '56756563454354654645654645', ''),
('20120728022853623430912430301519645861972451', '', '', '20120531165816203122918673340582616168968009', 8, '2012-07-28 02:28:53', 1, 0, '10 M Air Rifle Junior', '657436345345464564564', '56756563454354654645654645', ''),
('20120728022905165377175965811346924327663022', '', '', '20120531165816203122918673340582616168968009', 9, '2012-07-28 02:29:05', 1, 0, '10 M Air Pistol Junior', '657436345345464564564', '56756563454354654645654645', ''),
('20120728022915269537937801903670627817896456', '', '', '20120531165816203122918673340582616168968009', 10, '2012-07-28 02:29:15', 1, 0, '25 m Rapid Fire Pistol', '657436345345464564564', '56756563454354654645654645', ''),
('20120728022929137467041332370974207137742647', '', '', '20120531165816203122918673340582616168968009', 11, '2012-07-28 02:29:29', 1, 0, '10 M Air Rifle', '5465465464564543564365467456546', '7895676456345345345646456457645645', ''),
('20120728022942579917135617706601976474711566', '', '', '20120531165816203122918673340582616168968009', 12, '2012-07-28 02:29:42', 1, 0, '10 M Air Pistol', '5465465464564543564365467456546', '7895676456345345345646456457645645', ''),
('20120728022957035168435391959279970382501849', '', '', '20120531165816203122918673340582616168968009', 13, '2012-07-28 02:29:57', 1, 0, '25 M Standard Pistol', '5465465464564543564365467456546', '7895676456345345345646456457645645', ''),
('20120728023015806339116376207718767793942039', '', '', '20120531165816203122918673340582616168968009', 14, '2012-07-28 02:30:15', 1, 0, '25 M Center Fire Pistol', '5465465464564543564365467456546', '7895676456345345345646456457645645', ''),
('20120728023028679707015876934332185731869985', '', '', '20120531165816203122918673340582616168968009', 15, '2012-07-28 02:30:28', 1, 0, '50 M Free Pistol', '5465465464564543564365467456546', '7895676456345345345646456457645645', ''),
('20120728023039437989356788639449810131895488', '', '', '20120531165816203122918673340582616168968009', 16, '2012-07-28 02:30:39', 1, 0, '50 M Rifle 3 Position', '5465465464564543564365467456546', '7895676456345345345646456457645645', ''),
('20120728023053224265745606934489302388992015', '', '', '20120531165816203122918673340582616168968009', 17, '2012-07-28 02:30:53', 1, 0, '25 m Rapid Fire Pistol', '5465465464564543564365467456546', '7895676456345345345646456457645645', ''),
('20120728023109515434454351390119571440494145', '', '', '20120531165816203122918673340582616168968009', 18, '2012-07-28 02:31:09', 1, 0, '10 M Air Rifle', '657436345345464564564', '7645356434789345675478564657', ''),
('20120728023123601879001895405692682081509377', '', '', '20120531165816203122918673340582616168968009', 19, '2012-07-28 02:31:23', 1, 0, '10 M Air Pistol', '657436345345464564564', '7645356434789345675478564657', ''),
('20120728023134639868886975422267781076335431', '', '', '20120531165816203122918673340582616168968009', 20, '2012-07-28 02:31:34', 1, 0, '50 M Rifle 3 Position', '657436345345464564564', '7645356434789345675478564657', ''),
('20120728023149066611038113167299513746157842', '', '', '20120531165816203122918673340582616168968009', 21, '2012-07-28 02:31:49', 1, 0, '50 M Rifle Prone', '657436345345464564564', '7645356434789345675478564657', ''),
('20120728023202631952272168404106493980563907', '', '', '20120531165816203122918673340582616168968009', 22, '2012-07-28 02:32:02', 1, 0, '25 M Sport Pistol', '657436345345464564564', '7645356434789345675478564657', ''),
('20120728023216238906222732386169039201276956', '', '', '20120531165816203122918673340582616168968009', 23, '2012-07-28 02:32:16', 1, 0, '10 M Air Rifle Junior', '657436345345464564564', '7645356434789345675478564657', ''),
('20120728023229208888978600389275710520665757', '', '', '20120531165816203122918673340582616168968009', 24, '2012-07-28 02:32:29', 1, 0, '10 M Air Pistol Junior', '657436345345464564564', '7645356434789345675478564657', ''),
('20120728023244572737726133782730746780311672', '', '', '20120531165816203122918673340582616168968009', 25, '2012-07-28 02:32:44', 1, 0, '10 M Air Rifle', '5465465464564543564365467456546', '34534534565478769768856', ''),
('20120728023255384217705929743990726646594649', '', '', '20120531165816203122918673340582616168968009', 26, '2012-07-28 02:32:55', 1, 0, '10 M Air Pistol', '5465465464564543564365467456546', '34534534565478769768856', ''),
('20120728023307700310919619710984669732101135', '', '', '20120531165816203122918673340582616168968009', 27, '2012-07-28 02:33:07', 1, 0, '25 M Sport Pistol', '5465465464564543564365467456546', '34534534565478769768856', ''),
('20120728023326666161826906641718120796917768', '', '', '20120531165816203122918673340582616168968009', 28, '2012-07-28 02:33:26', 1, 0, '50 M Rifle 3 Position', '5465465464564543564365467456546', '34534534565478769768856', ''),
('20120728024247549721669328390236602631237869', '', '', '20120531165029796151709548124471227353867291', 25, '2012-07-28 02:42:47', 1, 0, '100 M', '657436345345464564564', '7645356434789345675478564657', ''),
('20120728024302205951366894569422246132801652', '', '', '20120531165029796151709548124471227353867291', 26, '2012-07-28 02:43:02', 1, 0, '200 M', '657436345345464564564', '7645356434789345675478564657', ''),
('20120728024314160839992464797734470555221293', '', '', '20120531165029796151709548124471227353867291', 27, '2012-07-28 02:43:14', 1, 0, '400 M', '657436345345464564564', '7645356434789345675478564657', ''),
('20120728024330115759122016444872674579240649', '', '', '20120531165029796151709548124471227353867291', 28, '2012-07-28 02:43:30', 1, 0, '800 M ', '657436345345464564564', '7645356434789345675478564657', ''),
('20120728024345546382047846821700618436289664', '', '', '20120531165029796151709548124471227353867291', 29, '2012-07-28 02:43:45', 1, 0, '1500 M ', '657436345345464564564', '7645356434789345675478564657', ''),
('20120728024357590898914229554264574494126042', '', '', '20120531165029796151709548124471227353867291', 30, '2012-07-28 02:43:57', 1, 0, '5000 M', '657436345345464564564', '7645356434789345675478564657', ''),
('20120728024412265346289365635895158710998196', '', '', '20120531165029796151709548124471227353867291', 31, '2012-07-28 02:44:12', 1, 0, '10000 M', '657436345345464564564', '7645356434789345675478564657', ''),
('20120728024430826141783180718134224001607734', '', '', '20120531165029796151709548124471227353867291', 32, '2012-07-28 02:44:30', 1, 0, '110 M Gawang', '657436345345464564564', '7645356434789345675478564657', ''),
('20120728024443160590128428506192055368181449', '', '', '20120531165029796151709548124471227353867291', 33, '2012-07-28 02:44:43', 1, 0, '400 M gawang', '657436345345464564564', '7645356434789345675478564657', ''),
('20120728024457712022037794182354986968601041', '', '', '20120531165029796151709548124471227353867291', 34, '2012-07-28 02:44:57', 1, 0, '3000 M Halang Rintang', '657436345345464564564', '7645356434789345675478564657', ''),
('20120728024543940117231926878371228707566695', '', '', '20120531165029796151709548124471227353867291', 35, '2012-07-28 02:45:43', 1, 0, '20 Km Jalan Cepat', '657436345345464564564', '7645356434789345675478564657', ''),
('20120728024600252219811501052399426911442497', '', '', '20120531165029796151709548124471227353867291', 36, '2012-07-28 02:46:00', 1, 0, '4 x 100 M ', '657436345345464564564', '7645356434789345675478564657', ''),
('20120728024612333723474746980639483543681113', '', '', '20120531165029796151709548124471227353867291', 37, '2012-07-28 02:46:12', 1, 0, '4 x 400 M', '657436345345464564564', '7645356434789345675478564657', ''),
('20120728024625352122096886507991298112010972', '', '', '20120531165029796151709548124471227353867291', 38, '2012-07-28 02:46:25', 1, 0, 'Marathon', '657436345345464564564', '7645356434789345675478564657', ''),
('20120728024638966613027763296844600307835334', '', '', '20120531165029796151709548124471227353867291', 39, '2012-07-28 02:46:38', 1, 0, 'Lompat Jauh', '657436345345464564564', '7645356434789345675478564657', ''),
('20120728024650275382897530524650023261173889', '', '', '20120531165029796151709548124471227353867291', 40, '2012-07-28 02:46:50', 1, 0, 'Lompat Tinggi', '657436345345464564564', '7645356434789345675478564657', ''),
('20120728024705435603914932863446254588231176', '', '', '20120531165029796151709548124471227353867291', 41, '2012-07-28 02:47:05', 1, 0, 'Lompat Jangkit', '657436345345464564564', '7645356434789345675478564657', ''),
('20120728024723084678379392731601419471286809', '', '', '20120531165029796151709548124471227353867291', 42, '2012-07-28 02:47:23', 1, 0, 'Lompat Tinggi Galah', '657436345345464564564', '7645356434789345675478564657', ''),
('20120728024736082132846570290830512947914197', '', '', '20120531165029796151709548124471227353867291', 43, '2012-07-28 02:47:36', 1, 0, 'Lempar Cakram', '657436345345464564564', '7645356434789345675478564657', ''),
('20120728024749801418128477405026480591849468', '', '', '20120531165029796151709548124471227353867291', 44, '2012-07-28 02:47:49', 1, 0, 'Lempar Lembing', '657436345345464564564', '7645356434789345675478564657', ''),
('20120728024803004513097568720465383932561591', '', '', '20120531165029796151709548124471227353867291', 45, '2012-07-28 02:48:03', 1, 0, 'Tolak Peluru', '657436345345464564564', '7645356434789345675478564657', ''),
('20120728024816691694067323355242532424439539', '', '', '20120531165029796151709548124471227353867291', 46, '2012-07-28 02:48:16', 1, 0, 'Lontar Martil', '657436345345464564564', '7645356434789345675478564657', ''),
('20120728024832725406378332649634744604935829', '', '', '20120531165029796151709548124471227353867291', 47, '2012-07-28 02:48:32', 1, 0, 'Sapta Lomba', '657436345345464564564', '7645356434789345675478564657', ''),
('20120816181913106863934241870648399594990708', '', '', '20120531165207682170061843628966459089891422', 12, '2012-08-16 18:19:13', 1, 0, '10 Bola Double', '567456754645634534556456456546', '435435465464354354365464646', ''),
('20120816182153833814023409249071793506623864', '', '', '20120531165958839713704250267277264437477435', 5, '2012-08-16 18:21:53', 1, 0, 'Ganda Campuran', '567456754645634534556456456546', '435435465464354354365464646', ''),
('20120816182257889031338688486752289521064394', '', '', '20120531170037710005127007984407783880399322', 18, '2012-08-16 18:22:57', 1, 0, '73 Kg (max 67,01-73 Kg)', '657436345345464564564', '7645356434789345675478564657', ''),
('20120816182339202455060431991186296270118715', '', '', '20120531170037710005127007984407783880399322', 19, '2012-08-16 18:23:39', 0, 1, 'Kelas 67,1-70 Kg', '657436345345464564564', '56756563454354654645654645', ''),
('20120816183111116273677094377676970967794652', '', '', '20120531170454850904448974961349529425541275', 10, '2012-08-16 18:31:11', 1, 0, 'Kelas 67,1-70 Kg', '657436345345464564564', '56756563454354654645654645', '');

-- --------------------------------------------------------

--
-- Table structure for table `tbl_cabang_olahraga_2`
--

CREATE TABLE IF NOT EXISTS `tbl_cabang_olahraga_2` (
  `cabang_id` varchar(254) NOT NULL,
  `deskripsi` varchar(254) NOT NULL,
  `group_cabang_id` varchar(254) NOT NULL,
  `id_upper` varchar(254) NOT NULL,
  `level` int(11) NOT NULL,
  `waktu` datetime NOT NULL,
  `status` int(11) NOT NULL,
  `status_delete` int(11) NOT NULL,
  `nama` varchar(254) NOT NULL,
  `id_kriteria_0` varchar(254) NOT NULL,
  `id_kriteria_1` varchar(254) NOT NULL,
  `icon` varchar(50) NOT NULL
) ENGINE=MyISAM DEFAULT CHARSET=latin1;

--
-- Dumping data for table `tbl_cabang_olahraga_2`
--

INSERT INTO `tbl_cabang_olahraga_2` (`cabang_id`, `deskripsi`, `group_cabang_id`, `id_upper`, `level`, `waktu`, `status`, `status_delete`, `nama`, `id_kriteria_0`, `id_kriteria_1`, `icon`) VALUES
('20120701221800785159372652603546401704888209', '', '', '20120701221702152774267285085652118294117495', 1, '2012-07-01 22:18:00', 1, 0, ' Free Flight (OHLG, F1-A, F1-H)', '657436345345464564564', '56756563454354654645654645', ''),
('20120701221810889572510695952048016033518155', '', '', '20120701221702152774267285085652118294117495', 2, '2012-07-01 22:18:10', 1, 0, ' Free Flight (OHLG, F1-A, F1-H)', '657436345345464564564', '7645356434789345675478564657', ''),
('20120701221822673310387140889552624195776487', '', '', '20120701221702152774267285085652118294117495', 3, '2012-07-01 22:18:22', 1, 0, 'Radio Control (F3-A)', '657436345345464564564', '56457897645789764567856757567', ''),
('20120701221838150426843220230924132429694017', '', '', '20120701221702152774267285085652118294117495', 4, '2012-07-01 22:18:38', 1, 0, ' Radio Control (F3-C)', '657436345345464564564', '56457897645789764567856757567', ''),
('20120701221851035907024413135938220989414254', '', '', '20120701221702152774267285085652118294117495', 5, '2012-07-01 22:18:51', 1, 0, ' Radio Control (F3-J)', '657436345345464564564', '56457897645789764567856757567', ''),
('20120701221903231389587765173559921325466152', '', '', '20120701221702152774267285085652118294117495', 6, '2012-07-01 22:19:03', 1, 0, ' Control Line (F2-D)', '657436345345464564564', '56457897645789764567856757567', ''),
('20120701221916970750032818464485570851659202', '', '', '20120701221702152774267285085652118294117495', 7, '2012-07-01 22:19:16', 1, 0, ' Control Line (F2-A, F2-C)', '5465465464564543564365467456546', '7876846764353464576575675675675675685', ''),
('20120702191240119200381331547998992979245594', '', '', '20120701221712964740134117980526990446886057', 1, '2012-07-02 19:12:40', 1, 0, ' Terbang Lintas Alam Kelas A', '657436345345464564564', '56457897645789764567856757567', ''),
('20120702191254280727781525617741982815869386', '', '', '20120701221712964740134117980526990446886057', 2, '2012-07-02 19:12:54', 1, 0, ' Terbang Lintas Alam Kelas B', '657436345345464564564', '56457897645789764567856757567', ''),
('20120702191308791508242608991845304626017114', '', '', '20120701221712964740134117980526990446886057', 3, '2012-07-02 19:13:08', 1, 0, ' Ketepatan Mendarat dan Sambar Pita Kelas A', '657436345345464564564', '56457897645789764567856757567', ''),
('20120702191319068776164546598277894269567133', '', '', '20120701221712964740134117980526990446886057', 4, '2012-07-02 19:13:19', 1, 0, ' Ketepatan Mendarat dan Sambar Pita Kelas B', '657436345345464564564', '56457897645789764567856757567', ''),
('20120702191338368396921469855749060377088140', '', '', '20120701221723162508039215804040247436492157', 1, '2012-07-02 19:13:38', 1, 0, 'Ketepatan Mendarat', '657436345345464564564', '56457897645789764567856757567', ''),
('20120702191349496502483911112182911288459361', '', '', '20120701221723162508039215804040247436492157', 2, '2012-07-02 19:13:49', 1, 0, 'Lintas Alam Jarak Terbatas', '657436345345464564564', '56457897645789764567856757567', ''),
('20120702191402950585462030334561072615850430', '', '', '20120701221723162508039215804040247436492157', 3, '2012-07-02 19:14:02', 1, 0, 'Lintas Alam Terbuka', '657436345345464564564', '56457897645789764567856757567', ''),
('20120702191432493956830357909042323812145168', '', '', '20120701221723162508039215804040247436492157', 4, '2012-07-02 19:14:32', 1, 0, 'Ketepatan Mendarat', '5465465464564543564365467456546', '7876846764353464576575675675675675685', ''),
('20120702191447196991617198864609744160937454', '', '', '20120701221723162508039215804040247436492157', 5, '2012-07-02 19:14:47', 1, 0, 'Lintas Alam Terbuka', '5465465464564543564365467456546', '7876846764353464576575675675675675685', ''),
('20120702191503021886832033669600458389100234', '', '', '20120701221723162508039215804040247436492157', 6, '2012-07-02 19:15:03', 1, 0, 'Lintas Alam Jarak Terbatas', '5465465464564543564365467456546', '7876846764353464576575675675675675685', ''),
('20120702191520171592555314128937870917069331', '', '', '20120701221734687693070409179221145198078093', 1, '2012-07-02 19:15:20', 1, 0, 'Precision Landing Kelas Schweizer SGS 1-26', '657436345345464564564', '56756563454354654645654645', ''),
('20120702191533114991865962891890486485025595', '', '', '20120701221734687693070409179221145198078093', 2, '2012-07-02 19:15:33', 1, 0, 'Precision Landing Kelas Schweizer SGU 2-22', '567456754645634534556456456546', '46456345325234565756756756', ''),
('20120702191543875289578028982953876078721873', '', '', '20120701221734687693070409179221145198078093', 3, '2012-07-02 19:15:43', 1, 0, 'Duration Flight Kelas Schweizer SGS 1-26', '657436345345464564564', '56756563454354654645654645', ''),
('20120702191558712486031769711852826986745118', '', '', '20120701221734687693070409179221145198078093', 4, '2012-07-02 19:15:58', 1, 0, 'Duration Flight Kelas Schweizer SGU 2-22', '567456754645634534556456456546', '46456345325234565756756756', ''),
('20120702191610944145051051301811690524855515', '', '', '20120701221734687693070409179221145198078093', 5, '2012-07-02 19:16:10', 1, 0, ' Goal & Race Kelas Schweizer SGS 1-26', '657436345345464564564', '56756563454354654645654645', ''),
('20120702191632918006501702889648096001737930', '', '', '20120701221734687693070409179221145198078093', 6, '2012-07-02 19:16:32', 1, 0, 'Free Distance Kelas Schweizer SGS 1-26', '657436345345464564564', '56756563454354654645654645', ''),
('20120702191819636979535803870935629055911656', '', '', '20120701221734687693070409179221145198078093', 7, '2012-07-02 19:18:19', 1, 0, 'Precision Landing Kelas Schweizer SGS 1-26', '657436345345464564564', '7645356434789345675478564657', ''),
('20120702191834796666257298812702160607249618', '', '', '20120701221734687693070409179221145198078093', 8, '2012-07-02 19:18:34', 1, 0, 'Precision Landing Kelas Schweizer SGU 2-22', '567456754645634534556456456546', '3243534543543543535', ''),
('20120702191853980420528530826604686055337532', '', '', '20120701221734687693070409179221145198078093', 9, '2012-07-02 19:18:53', 1, 0, 'Duration Flight Kelas Schweizer SGS 1-26', '657436345345464564564', '7645356434789345675478564657', ''),
('20120702191921340816758539456437876852682834', '', '', '20120701221734687693070409179221145198078093', 10, '2012-07-02 19:19:21', 1, 0, 'Duration Flight Kelas Schweizer SGU 2-22', '567456754645634534556456456546', '3243534543543543535', ''),
('20120702192140692359831480104169740884707102', '', '', '20120701221747841875094644645832413737511651', 1, '2012-07-02 19:21:40', 1, 0, 'Ketepatan Mendarat', '657436345345464564564', '56756563454354654645654645', ''),
('20120702192215691659797583960677307952455356', '', '', '20120701221747841875094644645832413737511651', 2, '2012-07-02 19:22:15', 1, 0, 'Ketepatan Mendarat', '5465465464564543564365467456546', '7895676456345345345646456457645645', ''),
('20120702192230367292986092180639020834287258', '', '', '20120701221747841875094644645832413737511651', 3, '2012-07-02 19:22:30', 1, 0, 'Ketepatan Mendarat', '657436345345464564564', '7645356434789345675478564657', ''),
('20120702192241500877365054871992347776553626', '', '', '20120701221747841875094644645832413737511651', 4, '2012-07-02 19:22:41', 1, 0, 'Ketepatan Mendarat', '5465465464564543564365467456546', '34534534565478769768856', ''),
('20120702192253831528111840760059276880722473', '', '', '20120701221747841875094644645832413737511651', 5, '2012-07-02 19:22:53', 1, 0, 'Kerjasama diudara', '5465465464564543564365467456546', '7876846764353464576575675675675675685', ''),
('20120702193148909091879037176345088257217172', '', '', '20120701222145124656824590313462079242595407', 1, '2012-07-02 19:31:47', 1, 0, '50 M Gaya Bebas', '657436345345464564564', '56756563454354654645654645', ''),
('20120702193154450812568771000169991394585926', '', '', '20120701222145124656824590313462079242595407', 2, '2012-07-02 19:31:54', 1, 0, '100 M Gaya Bebas', '657436345345464564564', '56756563454354654645654645', ''),
('20120702193205033319190570555878584711803360', '', '', '20120701222145124656824590313462079242595407', 3, '2012-07-02 19:32:05', 1, 0, '200 M Gaya Bebas', '657436345345464564564', '56756563454354654645654645', ''),
('20120702193217294719769439893763379142321823', '', '', '20120701222145124656824590313462079242595407', 4, '2012-07-02 19:32:17', 1, 0, '400 M Gaya Bebas', '657436345345464564564', '56756563454354654645654645', ''),
('20120702193231585139526406994637645493431382', '', '', '20120701222145124656824590313462079242595407', 5, '2012-07-02 19:32:31', 1, 0, '1500 M Gaya Bebas', '657436345345464564564', '56756563454354654645654645', ''),
('20120702193244607211712490569853750400349433', '', '', '20120701222145124656824590313462079242595407', 6, '2012-07-02 19:32:44', 1, 0, '100 M Gaya Punggung', '657436345345464564564', '56756563454354654645654645', ''),
('20120702193258053535214134554525984272941483', '', '', '20120701222145124656824590313462079242595407', 7, '2012-07-02 19:32:58', 1, 0, '200 M Gaya Punggung', '657436345345464564564', '56756563454354654645654645', ''),
('20120702193313915740276950736972918168802822', '', '', '20120701222145124656824590313462079242595407', 8, '2012-07-02 19:33:13', 1, 0, '100 M Gaya Dada', '657436345345464564564', '56756563454354654645654645', ''),
('20120702193324028847935746076101399604133690', '', '', '20120701222145124656824590313462079242595407', 9, '2012-07-02 19:33:24', 1, 0, '200 M Gaya Dada', '657436345345464564564', '56756563454354654645654645', ''),
('20120702193337896824668526619488733449559621', '', '', '20120701222145124656824590313462079242595407', 10, '2012-07-02 19:33:37', 1, 0, '100 M Gaya Kupu-kupu', '657436345345464564564', '56756563454354654645654645', ''),
('20120702193351761714030948571499392178936912', '', '', '20120701222145124656824590313462079242595407', 11, '2012-07-02 19:33:51', 1, 0, '200 M Gaya Kupu-kupu', '657436345345464564564', '56756563454354654645654645', ''),
('20120702193403907554993416341519439378225528', '', '', '20120701222145124656824590313462079242595407', 12, '2012-07-02 19:34:03', 1, 0, '200 M Gaya Ganti', '657436345345464564564', '56756563454354654645654645', ''),
('20120702193415750925897283641855147487947933', '', '', '20120701222145124656824590313462079242595407', 13, '2012-07-02 19:34:15', 1, 0, '400 M Gaya Ganti', '657436345345464564564', '56756563454354654645654645', ''),
('20120702193433656425173744517462913313380339', '', '', '20120701222145124656824590313462079242595407', 14, '2012-07-02 19:34:33', 0, 1, '4 x 100 M Gaya Bebas', '657436345345464564564', '56756563454354654645654645', ''),
('20120702193525035511234795815021335013343586', '', '', '20120701222145124656824590313462079242595407', 14, '2012-07-02 19:35:25', 1, 0, '4 x 100 M Gaya Bebas', '5465465464564543564365467456546', '7895676456345345345646456457645645', ''),
('20120702193542723041132052163048663324114190', '', '', '20120701222145124656824590313462079242595407', 15, '2012-07-02 19:35:42', 1, 0, '4 x 200 M Gaya Bebas', '5465465464564543564365467456546', '7895676456345345345646456457645645', ''),
('20120702193614895280563743553743852709865564', '', '', '20120701222145124656824590313462079242595407', 16, '2012-07-02 19:36:14', 1, 0, '4 x 100 M Gaya Ganti', '5465465464564543564365467456546', '7895676456345345345646456457645645', ''),
('20120702193630454000989231757018734741514384', '', '', '20120701222145124656824590313462079242595407', 17, '2012-07-02 19:36:30', 1, 0, '50 M Gaya Bebas', '657436345345464564564', '7645356434789345675478564657', ''),
('20120702193642890718646244777356407670396203', '', '', '20120701222145124656824590313462079242595407', 18, '2012-07-02 19:36:42', 1, 0, '100 M Gaya Bebas', '657436345345464564564', '7645356434789345675478564657', ''),
('20120702193656464220532979795313758860960715', '', '', '20120701222145124656824590313462079242595407', 19, '2012-07-02 19:36:56', 1, 0, '200 M Gaya Bebas', '657436345345464564564', '7645356434789345675478564657', ''),
('20120702193709314643475631605390374519312257', '', '', '20120701222145124656824590313462079242595407', 20, '2012-07-02 19:37:09', 1, 0, '400 M Gaya Bebas', '657436345345464564564', '7645356434789345675478564657', ''),
('20120702193726034885730397718966758045994287', '', '', '20120701222145124656824590313462079242595407', 21, '2012-07-02 19:37:26', 1, 0, '800 M Gaya Bebas', '657436345345464564564', '7645356434789345675478564657', ''),
('20120702193739528908357673254110700107426523', '', '', '20120701222145124656824590313462079242595407', 22, '2012-07-02 19:37:39', 1, 0, '100 M Gaya Punggung', '657436345345464564564', '7645356434789345675478564657', ''),
('20120702193754915827489117144564862210875220', '', '', '20120701222145124656824590313462079242595407', 23, '2012-07-02 19:37:54', 1, 0, '200 M Gaya Punggung', '657436345345464564564', '7645356434789345675478564657', ''),
('20120702193806821965656308052553774748219141', '', '', '20120701222145124656824590313462079242595407', 24, '2012-07-02 19:38:06', 1, 0, '100 M Gaya Dada', '657436345345464564564', '7645356434789345675478564657', ''),
('20120702193820464183525198766148288081930891', '', '', '20120701222145124656824590313462079242595407', 25, '2012-07-02 19:38:20', 1, 0, '200 M Gaya Dada', '657436345345464564564', '7645356434789345675478564657', ''),
('20120702193840917417676869219589350833117046', '', '', '20120701222145124656824590313462079242595407', 26, '2012-07-02 19:38:40', 1, 0, '100 M Gaya Kupu-kupu', '657436345345464564564', '7645356434789345675478564657', ''),
('20120702193857771962142200264310456254278276', '', '', '20120701222145124656824590313462079242595407', 27, '2012-07-02 19:38:57', 1, 0, '200 M Gaya Kupu-kupu', '657436345345464564564', '7645356434789345675478564657', ''),
('20120702194123383620516838707530314694920406', '', '', '20120701222145124656824590313462079242595407', 28, '2012-07-02 19:41:23', 1, 0, '200 M Gaya Ganti', '657436345345464564564', '7645356434789345675478564657', ''),
('20120702194135664122367955650599801999042633', '', '', '20120701222145124656824590313462079242595407', 29, '2012-07-02 19:41:35', 1, 0, '400 M Gaya Ganti', '657436345345464564564', '7645356434789345675478564657', ''),
('20120702194149123903951785970303150024589601', '', '', '20120701222145124656824590313462079242595407', 30, '2012-07-02 19:41:49', 1, 0, '4 x 100 M Gaya Bebas', '5465465464564543564365467456546', '34534534565478769768856', ''),
('20120702194209163229069712324082457075518739', '', '', '20120701222145124656824590313462079242595407', 31, '2012-07-02 19:42:09', 1, 0, '4 x 200 M Gaya Bebas', '5465465464564543564365467456546', '34534534565478769768856', ''),
('20120702194224697036888918419312610843279785', '', '', '20120701222145124656824590313462079242595407', 32, '2012-07-02 19:42:24', 1, 0, '4 x 100 M Gaya Ganti', '5465465464564543564365467456546', '34534534565478769768856', ''),
('20120702194238149163697590781993048810550861', '', '', '20120701222154758509550837599301725227518805', 1, '2012-07-02 19:42:38', 1, 0, 'Solo', '657436345345464564564', '7645356434789345675478564657', ''),
('20120702194249223861043191416625214433510528', '', '', '20120701222154758509550837599301725227518805', 2, '2012-07-02 19:42:49', 1, 0, 'Duet', '567456754645634534556456456546', '3243534543543543535', ''),
('20120702194302343905870124190521009653543544', '', '', '20120701222154758509550837599301725227518805', 3, '2012-07-02 19:43:02', 1, 0, 'Team Free', '5465465464564543564365467456546', '34534534565478769768856', ''),
('20120702194341793430128912158342467137258185', '', '', '20120701222205931710365637885709748543283487', 1, '2012-07-02 19:43:41', 1, 0, 'Papan 1 M', '657436345345464564564', '56756563454354654645654645', ''),
('20120702194353997606090055707162883625352350', '', '', '20120701222205931710365637885709748543283487', 2, '2012-07-02 19:43:53', 1, 0, 'Papan 3 M', '657436345345464564564', '56756563454354654645654645', ''),
('20120702194404201658015351496582597401836621', '', '', '20120701222205931710365637885709748543283487', 3, '2012-07-02 19:44:04', 1, 0, 'Menara 10 M', '657436345345464564564', '56756563454354654645654645', ''),
('20120702194425054571684535516189217318149026', '', '', '20120701222205931710365637885709748543283487', 4, '2012-07-02 19:44:25', 1, 0, 'Synchronized Papan 3 M', '567456754645634534556456456546', '46456345325234565756756756', ''),
('20120702194442680809751628568032410947816625', '', '', '20120701222205931710365637885709748543283487', 5, '2012-07-02 19:44:42', 1, 0, 'Synchronized Papan 10 M', '567456754645634534556456456546', '46456345325234565756756756', ''),
('20120702194711329505366541069094383145954688', '', '', '20120701222205931710365637885709748543283487', 6, '2012-07-02 19:47:11', 1, 0, 'Papan 1 M', '657436345345464564564', '7645356434789345675478564657', ''),
('20120702194735840881617541663003600812283185', '', '', '20120701222205931710365637885709748543283487', 7, '2012-07-02 19:47:35', 1, 0, 'Papan 3 M', '657436345345464564564', '7645356434789345675478564657', ''),
('20120702194754863512830983906067704414305140', '', '', '20120701222205931710365637885709748543283487', 8, '2012-07-02 19:47:54', 1, 0, 'Menara 10 M', '657436345345464564564', '7645356434789345675478564657', ''),
('20120702194809038326651385318803247466697623', '', '', '20120701222205931710365637885709748543283487', 9, '2012-07-02 19:48:09', 1, 0, 'Synchronized Papan 3 M', '567456754645634534556456456546', '3243534543543543535', ''),
('20120702194823076019455772012705843928285261', '', '', '20120701222205931710365637885709748543283487', 10, '2012-07-02 19:48:23', 1, 0, 'Synchronized Papan 10 M', '567456754645634534556456456546', '3243534543543543535', ''),
('20120702195113249365841378806543609473001874', '', '', '20120701222217163432552809029159537690575300', 1, '2012-07-02 19:51:13', 1, 0, 'Beregu', '5465465464564543564365467456546', '7895676456345345345646456457645645', ''),
('20120702195126847318909710472658076452462147', '', '', '20120701222217163432552809029159537690575300', 2, '2012-07-02 19:51:26', 1, 0, 'Beregu', '5465465464564543564365467456546', '34534534565478769768856', ''),
('20120702200700205374870822135968116489790805', '', '', '20120701222258390988838594037127880863226049', 1, '2012-07-02 20:07:00', 1, 0, 'Kelas 56 Kg / 59', '657436345345464564564', '56756563454354654645654645', ''),
('20120702200719561969122753635478719727994918', '', '', '20120701222258390988838594037127880863226049', 2, '2012-07-02 20:07:19', 1, 0, 'Kelas 62 Kg', '657436345345464564564', '56756563454354654645654645', ''),
('20120702200747877248923680259623062481461733', '', '', '20120701222258390988838594037127880863226049', 3, '2012-07-02 20:07:47', 1, 0, 'Kelas 69 Kg', '657436345345464564564', '56756563454354654645654645', ''),
('20120702200805704546048995484343372301193758', '', '', '20120701222258390988838594037127880863226049', 4, '2012-07-02 20:08:05', 1, 0, 'Kelas 77 Kg', '657436345345464564564', '56756563454354654645654645', ''),
('20120702200819143548698374202972265131696617', '', '', '20120701222258390988838594037127880863226049', 5, '2012-07-02 20:08:19', 1, 0, 'Kelas 85 Kg', '657436345345464564564', '56756563454354654645654645', ''),
('20120702200829677463128895037161613413554913', '', '', '20120701222258390988838594037127880863226049', 6, '2012-07-02 20:08:29', 1, 0, 'Kelas 94 Kg', '657436345345464564564', '56756563454354654645654645', ''),
('20120702200842702074882524254032588850117931', '', '', '20120701222258390988838594037127880863226049', 7, '2012-07-02 20:08:42', 1, 0, 'Kelas 105 Kg', '657436345345464564564', '56756563454354654645654645', ''),
('20120702200855064516392701405943192860424618', '', '', '20120701222258390988838594037127880863226049', 8, '2012-07-02 20:08:55', 1, 0, 'Kelas signplus105 Kg', '657436345345464564564', '56756563454354654645654645', ''),
('20120702200910399262973570623344440524340067', '', '', '20120701222258390988838594037127880863226049', 9, '2012-07-02 20:09:10', 1, 0, 'Kelas 48 Kg', '657436345345464564564', '7645356434789345675478564657', ''),
('20120702200921061766515719040498946370982028', '', '', '20120701222258390988838594037127880863226049', 10, '2012-07-02 20:09:21', 1, 0, 'Kelas 53 Kg', '657436345345464564564', '7645356434789345675478564657', ''),
('20120702200933168318270778535266679339584807', '', '', '20120701222258390988838594037127880863226049', 11, '2012-07-02 20:09:33', 1, 0, 'Kelas 58 Kg', '657436345345464564564', '7645356434789345675478564657', ''),
('20120721145101583622332804672716477824102224', '', '', '20120701222258390988838594037127880863226049', 12, '2012-07-21 14:51:01', 1, 0, 'Kelas 63 Kg', '657436345345464564564', '7645356434789345675478564657', ''),
('20120721145119128728915904204822609862191118', '', '', '20120701222258390988838594037127880863226049', 13, '2012-07-21 14:51:19', 1, 0, 'Kelas 69 Kg', '657436345345464564564', '7645356434789345675478564657', ''),
('20120721145154298745589903398658664298843250', '', '', '20120701222258390988838594037127880863226049', 14, '2012-07-21 14:51:54', 1, 0, 'Kelas 75 Kg', '657436345345464564564', '7645356434789345675478564657', ''),
('20120721145250435490411836069380174963275595', '', '', '20120701222258390988838594037127880863226049', 15, '2012-07-21 14:52:50', 1, 0, 'Kelas signplus75 Kg', '657436345345464564564', '7645356434789345675478564657', ''),
('20120721145358380727328716213886130460139544', '', '', '20120701222305166796151709548124471227353867', 1, '2012-07-21 14:53:58', 1, 0, 'Kelas 56 Kg', '657436345345464564564', '56756563454354654645654645', ''),
('20120721145411965519391361533599279430101291', '', '', '20120701222305166796151709548124471227353867', 2, '2012-07-21 14:54:11', 1, 0, 'Kelas 60 Kg', '657436345345464564564', '56756563454354654645654645', ''),
('20120721145428833601508932742998089705950949', '', '', '20120701222305166796151709548124471227353867', 3, '2012-07-21 14:54:28', 1, 0, 'Kelas 67,5 Kg', '657436345345464564564', '56756563454354654645654645', ''),
('20120721145453466004963069912643894606449927', '', '', '20120701222305166796151709548124471227353867', 4, '2012-07-21 14:54:53', 1, 0, 'Kelas 75 Kg', '657436345345464564564', '56756563454354654645654645', ''),
('20120727184137021810565593998574357109351135', '', '', '20120701222305166796151709548124471227353867', 5, '2012-07-27 18:41:37', 1, 0, ' Kelas 82,5 Kg', '657436345345464564564', '56756563454354654645654645', ''),
('20120727184155171609686595971651584189334439', '', '', '20120701222305166796151709548124471227353867', 6, '2012-07-27 18:41:55', 1, 0, ' Kelas 90 Kg', '657436345345464564564', '56756563454354654645654645', ''),
('20120727184213329769394413823983567095350501', '', '', '20120701222305166796151709548124471227353867', 7, '2012-07-27 18:42:13', 1, 0, 'Kelas 100 Kg', '657436345345464564564', '56756563454354654645654645', ''),
('20120727184229966827510950090910880022891006', '', '', '20120701222305166796151709548124471227353867', 8, '2012-07-27 18:42:29', 1, 0, 'Kelas 110 Kg', '657436345345464564564', '56756563454354654645654645', ''),
('20120727184242978233858216142464202282220143', '', '', '20120701222305166796151709548124471227353867', 9, '2012-07-27 18:42:42', 1, 0, 'Kelas signplus125 Kg', '657436345345464564564', '56756563454354654645654645', ''),
('20120727184257452226468141530788697905035162', '', '', '20120701222305166796151709548124471227353867', 10, '2012-07-27 18:42:57', 1, 0, 'Kelas 52 Kg', '657436345345464564564', '7645356434789345675478564657', ''),
('20120727184313062385999827403839819167166328', '', '', '20120701222305166796151709548124471227353867', 11, '2012-07-27 18:43:13', 1, 0, 'Kelas 56 Kg / 57', '657436345345464564564', '7645356434789345675478564657', ''),
('20120727184330620740970179018652001273936651', '', '', '20120701222305166796151709548124471227353867', 12, '2012-07-27 18:43:30', 1, 0, 'Kelas 60 Kg', '657436345345464564564', '7645356434789345675478564657', ''),
('20120727184346532281050932644789222100817138', '', '', '20120701222305166796151709548124471227353867', 13, '2012-07-27 18:43:46', 1, 0, 'Kelas 67,5 Kg', '657436345345464564564', '7645356434789345675478564657', ''),
('20120727184359607366639521550472133527792874', '', '', '20120701222305166796151709548124471227353867', 14, '2012-07-27 18:43:59', 1, 0, 'Kelas 75 Kg', '657436345345464564564', '7645356434789345675478564657', ''),
('20120727184413926421498434821882469787637803', '', '', '20120701222305166796151709548124471227353867', 15, '2012-07-27 18:44:13', 1, 0, 'Kelas signplus75 Kg', '657436345345464564564', '7645356434789345675478564657', ''),
('20120727184437068407195144918219094898683715', '', '', '20120701222311291678663636179853614139409047', 1, '2012-07-27 18:44:37', 1, 0, 'Light Fly Weight up to 55 Kg', '657436345345464564564', '56756563454354654645654645', ''),
('20120727184449276626794501430820595589498850', '', '', '20120701222311291678663636179853614139409047', 2, '2012-07-27 18:44:49', 1, 0, 'Fly Weight -60 Kg', '657436345345464564564', '56756563454354654645654645', ''),
('20120727184500808076968900907043972749693846', '', '', '20120701222311291678663636179853614139409047', 3, '2012-07-27 18:45:00', 1, 0, 'Bantam Weight -65 Kg', '657436345345464564564', '56756563454354654645654645', ''),
('20120727184512450191537273589116791755468355', '', '', '20120701222311291678663636179853614139409047', 4, '2012-07-27 18:45:12', 1, 0, 'Light Weight -70 Kg', '657436345345464564564', '56756563454354654645654645', ''),
('20120727184522023875492061215787019066692778', '', '', '20120701222311291678663636179853614139409047', 5, '2012-07-27 18:45:22', 1, 0, 'Welter Weight 70-75 Kg', '657436345345464564564', '56756563454354654645654645', ''),
('20120727184547454515338081345339667005997792', '', '', '20120701222311291678663636179853614139409047', 6, '2012-07-27 18:45:47', 1, 0, 'Light Middle Weight above 75-80 kg', '657436345345464564564', '56756563454354654645654645', ''),
('20120727184611240037963852991452150982736855', '', '', '20120701222311291678663636179853614139409047', 7, '2012-07-27 18:46:11', 1, 0, 'Middle Weight 80-85 Kg', '657436345345464564564', '56756563454354654645654645', ''),
('20120727184622897077169118315766770757012361', '', '', '20120701222311291678663636179853614139409047', 8, '2012-07-27 18:46:22', 1, 0, 'Light Heavy Weight signplus85', '657436345345464564564', '56756563454354654645654645', ''),
('20120727190412656308052553774748219141025330', '', '', '20120727190341368289900278011135357206723041', 1, '2012-07-27 19:04:12', 1, 0, 'Beregu', '5465465464564543564365467456546', '7895676456345345345646456457645645', ''),
('20120727190421837307704139709903581155250717', '', '', '20120727190341368289900278011135357206723041', 2, '2012-07-27 19:04:21', 1, 0, 'Beregu', '5465465464564543564365467456546', '34534534565478769768856', ''),
('20120727190440459574343672267196524186029296', '', '', '20120727190355132052163048663324114190821965', 1, '2012-07-27 19:04:40', 0, 1, 'Pasangan', '567456754645634534556456456546', '46456345325234565756756756', ''),
('20120727190514698625612861189472356011899679', '', '', '20120727190355132052163048663324114190821965', 1, '2012-07-27 19:05:14', 1, 0, 'Pasangan', '567456754645634534556456456546', '46456345325234565756756756', ''),
('20120727190523082601013481593586310738213331', '', '', '20120727190355132052163048663324114190821965', 2, '2012-07-27 19:05:23', 1, 0, 'Pasangan', '567456754645634534556456456546', '3243534543543543535', ''),
('20120727192140338033990114736828990027801113', '', '', '20120727192109893691275092589728364185514748', 1, '2012-07-27 19:21:40', 1, 0, 'Beregu', '5465465464564543564365467456546', '7895676456345345345646456457645645', ''),
('20120727192148535720672304113205216304866332', '', '', '20120727192123794793365642517374451746291331', 1, '2012-07-27 19:21:48', 1, 0, 'Beregu', '5465465464564543564365467456546', '7895676456345345345646456457645645', ''),
('20120727193233659329052991009341598880003532', '', '', '20120727193204087541361049047039128331134186', 1, '2012-07-27 19:32:33', 1, 0, '180 Km Road Race', '657436345345464564564', '56756563454354654645654645', ''),
('20120727193243357226372326815323280676237740', '', '', '20120727193204087541361049047039128331134186', 2, '2012-07-27 19:32:43', 1, 0, '40 Km Individual Time Trial', '657436345345464564564', '56756563454354654645654645', ''),
('20120727193252548929999580521045924483939472', '', '', '20120727193204087541361049047039128331134186', 3, '2012-07-27 19:32:52', 1, 0, '80 Km Criterium', '657436345345464564564', '56756563454354654645654645', ''),
('20120727193344574607610139960413369089682466', '', '', '20120727193204087541361049047039128331134186', 4, '2012-07-27 19:33:44', 1, 0, '50 Km Team Time Trial', '5465465464564543564365467456546', '7895676456345345345646456457645645', ''),
('20120727193401852661948873344955962190755499', '', '', '20120727193204087541361049047039128331134186', 5, '2012-07-27 19:34:01', 1, 0, '120 Km Road Race', '657436345345464564564', '7645356434789345675478564657', ''),
('20120727193412652418602929655438159567596076', '', '', '20120727193204087541361049047039128331134186', 6, '2012-07-27 19:34:12', 1, 0, '20 Km Individual Time Trial', '657436345345464564564', '7645356434789345675478564657', ''),
('20120727193424686941844445369862561286118947', '', '', '20120727193204087541361049047039128331134186', 7, '2012-07-27 19:34:24', 1, 0, '40 Km Criterium', '657436345345464564564', '7645356434789345675478564657', ''),
('20120727193434235601189967908260101348159358', '', '', '20120727193204087541361049047039128331134186', 8, '2012-07-27 19:34:34', 1, 0, '30 Km Team Time Trial', '5465465464564543564365467456546', '34534534565478769768856', ''),
('20120727193446631073821333187377611619137323', '', '', '20120727193210413455452598427294148391574027', 1, '2012-07-27 19:34:46', 1, 0, 'Cross Country', '657436345345464564564', '56756563454354654645654645', ''),
('20120727193456661735389257151805910130432679', '', '', '20120727193210413455452598427294148391574027', 2, '2012-07-27 19:34:56', 1, 0, 'Down Hill', '657436345345464564564', '56756563454354654645654645', ''),
('20120727193507830210992251203647665389041668', '', '', '20120727193210413455452598427294148391574027', 3, '2012-07-27 19:35:07', 1, 0, 'Cross Country', '657436345345464564564', '7645356434789345675478564657', ''),
('20120727193522158188329165484196156655060628', '', '', '20120727193210413455452598427294148391574027', 4, '2012-07-27 19:35:22', 1, 0, 'Down Hill', '657436345345464564564', '7645356434789345675478564657', ''),
('20120727193531598928020223377592951105945247', '', '', '20120727193218094915614995010340397772695819', 1, '2012-07-27 19:35:31', 1, 0, 'BMX Cross', '657436345345464564564', '56756563454354654645654645', ''),
('20120727193541797902945511934730802266726356', '', '', '20120727193218094915614995010340397772695819', 2, '2012-07-27 19:35:41', 1, 0, 'BMX Cross', '657436345345464564564', '7645356434789345675478564657', ''),
('20120728010524684603429470523134585411585558', '', '', '20120728010455120378294622943724339365040233', 1, '2012-07-28 01:05:24', 1, 0, 'Beregu', '657436345345464564564', '56756563454354654645654645', ''),
('20120728010541502240522515191303132127639453', '', '', '20120728010509908308118039179523100851961257', 1, '2012-07-28 01:05:41', 1, 0, 'Beregu', '5465465464564543564365467456546', '7895676456345345345646456457645645', ''),
('20120728010553348225834036758712943024394468', '', '', '20120728010509908308118039179523100851961257', 2, '2012-07-28 01:05:53', 1, 0, 'Beregu', '5465465464564543564365467456546', '34534534565478769768856', ''),
('20120728014824842933907936951668849222316300', '', '', '20120728014806293820525784964139224441231843', 1, '2012-07-28 01:48:24', 1, 0, '100 M Bi Fins', '657436345345464564564', '56756563454354654645654645', ''),
('20120728014835885530088906717294536471818378', '', '', '20120728014806293820525784964139224441231843', 2, '2012-07-28 01:48:35', 1, 0, '100 M Surface', '657436345345464564564', '56756563454354654645654645', ''),
('20120728014849913664890117725488028683997873', '', '', '20120728014806293820525784964139224441231843', 3, '2012-07-28 01:48:49', 1, 0, '200 M Bi Fins', '657436345345464564564', '56756563454354654645654645', ''),
('20120728014904212212116744738777335858305613', '', '', '20120728014806293820525784964139224441231843', 4, '2012-07-28 01:49:04', 0, 1, '800 M Surface', '657436345345464564564', '56756563454354654645654645', ''),
('20120728015013886134098223494512132848669951', '', '', '20120728014806293820525784964139224441231843', 4, '2012-07-28 01:50:13', 1, 0, '400 M Immersion', '657436345345464564564', '56756563454354654645654645', ''),
('20120728015023868167034575874394953457092977', '', '', '20120728014806293820525784964139224441231843', 5, '2012-07-28 01:50:23', 1, 0, '800 M Surface', '657436345345464564564', '56756563454354654645654645', ''),
('20120728015034245934030120078976810784250920', '', '', '20120728014806293820525784964139224441231843', 6, '2012-07-28 01:50:34', 1, 0, '100 M Bi Fins', '657436345345464564564', '7645356434789345675478564657', ''),
('20120728015058942761148738457811571867823147', '', '', '20120728014806293820525784964139224441231843', 7, '2012-07-28 01:50:58', 1, 0, '100 M Surface', '657436345345464564564', '7645356434789345675478564657', ''),
('20120728015110504068113490149777916873561076', '', '', '20120728014806293820525784964139224441231843', 8, '2012-07-28 01:51:10', 1, 0, '200 M Bi Fins', '657436345345464564564', '7645356434789345675478564657', ''),
('20120728015121153844479192422899250007767486', '', '', '20120728014806293820525784964139224441231843', 9, '2012-07-28 01:51:21', 1, 0, '800 M Surface', '657436345345464564564', '7645356434789345675478564657', ''),
('20120728015132602046775619993271290247951940', '', '', '20120728014814571640702956861343410328884788', 1, '2012-07-28 01:51:32', 1, 0, '10.000 M Fins Swimming', '657436345345464564564', '56756563454354654645654645', ''),
('20120728015141918375923913762551639817341190', '', '', '20120728014814571640702956861343410328884788', 2, '2012-07-28 01:51:41', 1, 0, 'M Course', '657436345345464564564', '56756563454354654645654645', ''),
('20120728015153310820158253995571169087766491', '', '', '20120728014814571640702956861343410328884788', 3, '2012-07-28 01:51:53', 1, 0, '5 Point Course', '657436345345464564564', '56756563454354654645654645', ''),
('20120728015204987475885643262137508595207439', '', '', '20120728014814571640702956861343410328884788', 4, '2012-07-28 01:52:04', 1, 0, '10.000 M Fins Swimming', '657436345345464564564', '7645356434789345675478564657', ''),
('20120728015215797290463081888346131448843765', '', '', '20120728014814571640702956861343410328884788', 5, '2012-07-28 01:52:15', 1, 0, 'M Course', '657436345345464564564', '7645356434789345675478564657', ''),
('20120728015228883140119066902633557371946748', '', '', '20120728014814571640702956861343410328884788', 6, '2012-07-28 01:52:28', 1, 0, '5 Point Course', '657436345345464564564', '7645356434789345675478564657', ''),
('20120728021114727575932869919260549674652537', '', '', '20120728014726242157172155220811948298892706', 1, '2012-07-28 02:11:14', 1, 0, 'Team', '657436345345464564564', '56756563454354654645654645', ''),
('20120728021124370051032842197945808715558022', '', '', '20120728014726242157172155220811948298892706', 2, '2012-07-28 02:11:24', 1, 0, 'Floor Exercise', '657436345345464564564', '56756563454354654645654645', ''),
('20120728021134172611222346505341818394381080', '', '', '20120728014726242157172155220811948298892706', 3, '2012-07-28 02:11:34', 1, 0, 'Pommel Horse', '657436345345464564564', '56756563454354654645654645', ''),
('20120728021147137110178638585181071281953469', '', '', '20120728014726242157172155220811948298892706', 4, '2012-07-28 02:11:47', 1, 0, 'Rings', '657436345345464564564', '56756563454354654645654645', ''),
('20120728021157738728879634364436024626628035', '', '', '20120728014726242157172155220811948298892706', 5, '2012-07-28 02:11:57', 1, 0, 'Vault', '657436345345464564564', '56756563454354654645654645', ''),
('20120728021208024045604979652923051779343769', '', '', '20120728014726242157172155220811948298892706', 6, '2012-07-28 02:12:08', 1, 0, 'Parallel Bars', '657436345345464564564', '56756563454354654645654645', ''),
('20120728021220192811979593358094976806962685', '', '', '20120728014726242157172155220811948298892706', 7, '2012-07-28 02:12:20', 1, 0, 'Horizontal Bars', '657436345345464564564', '56756563454354654645654645', ''),
('20120728021236217639653303228690545414880691', '', '', '20120728014726242157172155220811948298892706', 8, '2012-07-28 02:12:36', 1, 0, 'Individual All Round', '657436345345464564564', '56756563454354654645654645', ''),
('20120728021250277738330452064420820795444591', '', '', '20120728014726242157172155220811948298892706', 9, '2012-07-28 02:12:50', 1, 0, 'Team', '657436345345464564564', '7645356434789345675478564657', ''),
('20120728021304615316732036659251486935296805', '', '', '20120728014726242157172155220811948298892706', 10, '2012-07-28 02:13:04', 1, 0, 'Vault', '657436345345464564564', '7645356434789345675478564657', ''),
('20120728021316891473400202416262505039664876', '', '', '20120728014726242157172155220811948298892706', 11, '2012-07-28 02:13:16', 1, 0, 'Uneven Bars', '657436345345464564564', '7645356434789345675478564657', ''),
('20120728021327485150875715675143363455937050', '', '', '20120728014726242157172155220811948298892706', 12, '2012-07-28 02:13:27', 1, 0, 'Beam', '657436345345464564564', '7645356434789345675478564657', ''),
('20120728021342777606817458211644278301444169', '', '', '20120728014726242157172155220811948298892706', 13, '2012-07-28 02:13:42', 1, 0, 'Floor Exercise', '657436345345464564564', '7645356434789345675478564657', ''),
('20120728021355455297560555431258118624631773', '', '', '20120728014726242157172155220811948298892706', 14, '2012-07-28 02:13:55', 1, 0, 'Individual All Round', '657436345345464564564', '7645356434789345675478564657', ''),
('20120728021410512521928903202196758237491774', '', '', '20120728014735650421698742733041823196050282', 1, '2012-07-28 02:14:10', 1, 0, 'Team', '657436345345464564564', '7645356434789345675478564657', ''),
('20120728021421982798848105957884538536635846', '', '', '20120728014735650421698742733041823196050282', 2, '2012-07-28 02:14:21', 1, 0, 'Rope', '657436345345464564564', '7645356434789345675478564657', ''),
('20120728021435240786553064167021391589749250', '', '', '20120728014735650421698742733041823196050282', 3, '2012-07-28 02:14:35', 1, 0, 'Hoop', '657436345345464564564', '7645356434789345675478564657', ''),
('20120728021447786890309660300030577950770606', '', '', '20120728014735650421698742733041823196050282', 4, '2012-07-28 02:14:47', 1, 0, 'Clubs', '657436345345464564564', '7645356434789345675478564657', ''),
('20120728021459468586876721849088937703895812', '', '', '20120728014735650421698742733041823196050282', 5, '2012-07-28 02:14:59', 1, 0, 'Ribbon', '657436345345464564564', '7645356434789345675478564657', ''),
('20120728021509032674985798499134503970109213', '', '', '20120728014735650421698742733041823196050282', 6, '2012-07-28 02:15:09', 1, 0, 'Individual All Round', '657436345345464564564', '7645356434789345675478564657', ''),
('20120728021523128380689301025183611660672108', '', '', '20120728014745154667146441577531794861830608', 1, '2012-07-28 02:15:23', 1, 0, 'Single', '657436345345464564564', '56756563454354654645654645', ''),
('20120728021533620558383583599147787255744906', '', '', '20120728014745154667146441577531794861830608', 2, '2012-07-28 02:15:33', 1, 0, 'Single', '657436345345464564564', '7645356434789345675478564657', ''),
('20120728022527990582267996558183264787887213', '', '', '20120728014745154667146441577531794861830608', 3, '2012-07-28 02:25:27', 1, 0, 'Mixed Double', '567456754645634534556456456546', '435435465464354354365464646', ''),
('20120728022605847321536804312206599009760574', '', '', '20120728014745154667146441577531794861830608', 4, '2012-07-28 02:26:05', 1, 0, 'Trio', '5465465464564543564365467456546', '7876846764353464576575675675675675685', ''),
('20120728023411176647033810000236104541994518', '', '', '20120728012612836091675290270146066225247485', 1, '2012-07-28 02:34:11', 1, 0, 'K-1 200 M', '657436345345464564564', '56756563454354654645654645', ''),
('20120728023422988461063978559834400751797672', '', '', '20120728012612836091675290270146066225247485', 2, '2012-07-28 02:34:22', 1, 0, 'K-2 200 M', '567456754645634534556456456546', '46456345325234565756756756', ''),
('20120728023433421134496959028470404687418146', '', '', '20120728012612836091675290270146066225247485', 3, '2012-07-28 02:34:33', 1, 0, 'K-4 200 M', '5465465464564543564365467456546', '7895676456345345345646456457645645', ''),
('20120728023443936029781006531907355937403486', '', '', '20120728012612836091675290270146066225247485', 4, '2012-07-28 02:34:43', 1, 0, 'C-1 200 M', '657436345345464564564', '56756563454354654645654645', ''),
('20120728023501000772200576365010048443029802', '', '', '20120728012612836091675290270146066225247485', 5, '2012-07-28 02:35:01', 1, 0, 'C-2 200 M', '567456754645634534556456456546', '46456345325234565756756756', ''),
('20120728023515654806680626154131040426106039', '', '', '20120728012612836091675290270146066225247485', 6, '2012-07-28 02:35:15', 1, 0, 'K-1 1.000 M', '657436345345464564564', '56756563454354654645654645', ''),
('20120728023527634889984874214849968378438012', '', '', '20120728012612836091675290270146066225247485', 7, '2012-07-28 02:35:27', 1, 0, 'K-2 1.000 M', '657436345345464564564', '56756563454354654645654645', ''),
('20120728023540540805056411372065405545465335', '', '', '20120728012612836091675290270146066225247485', 8, '2012-07-28 02:35:40', 1, 0, 'K-4 1.000 M', '5465465464564543564365467456546', '7895676456345345345646456457645645', ''),
('20120728023553577346551423788303761697919757', '', '', '20120728012612836091675290270146066225247485', 9, '2012-07-28 02:35:53', 1, 0, 'C-1 1.000 M', '657436345345464564564', '56756563454354654645654645', ''),
('20120728023619737775698907771913696085233142', '', '', '20120728012612836091675290270146066225247485', 10, '2012-07-28 02:36:19', 1, 0, 'C-2 1.000 M', '567456754645634534556456456546', '46456345325234565756756756', ''),
('20120728023631450580617517830444372958384364', '', '', '20120728012612836091675290270146066225247485', 11, '2012-07-28 02:36:31', 1, 0, 'K-1 200 M', '657436345345464564564', '7645356434789345675478564657', ''),
('20120728023646612611873175295425624563107556', '', '', '20120728012612836091675290270146066225247485', 12, '2012-07-28 02:36:46', 1, 0, 'K-2 200 M', '567456754645634534556456456546', '3243534543543543535', ''),
('20120728023658728481106795582418307446907605', '', '', '20120728012612836091675290270146066225247485', 13, '2012-07-28 02:36:58', 1, 0, 'K-1 500 M', '657436345345464564564', '7645356434789345675478564657', ''),
('20120728023710437281300342522614663860211225', '', '', '20120728012612836091675290270146066225247485', 14, '2012-07-28 02:37:10', 1, 0, 'K-2 500 M', '567456754645634534556456456546', '3243534543543543535', ''),
('20120728023721202567816380008487869720499017', '', '', '20120728012612836091675290270146066225247485', 15, '2012-07-28 02:37:21', 1, 0, 'K-4 500 M', '5465465464564543564365467456546', '34534534565478769768856', ''),
('20120728023731582899465599515218324313961353', '', '', '20120728012620947382628870087173830980478973', 1, '2012-07-28 02:37:31', 1, 0, 'Single Sculls (M1X)', '657436345345464564564', '56756563454354654645654645', ''),
('20120728023742057519480823090687276094225670', '', '', '20120728012620947382628870087173830980478973', 2, '2012-07-28 02:37:42', 1, 0, 'Double Sculls (M2X)', '567456754645634534556456456546', '46456345325234565756756756', ''),
('20120728023752998875959054740344172083381409', '', '', '20120728012620947382628870087173830980478973', 3, '2012-07-28 02:37:52', 1, 0, 'Coxless Pairs (M2-)', '567456754645634534556456456546', '46456345325234565756756756', ''),
('20120728023805103954705426942091762016995691', '', '', '20120728012620947382628870087173830980478973', 4, '2012-07-28 02:38:05', 1, 0, 'Coxless Pairs (M4-)', '5465465464564543564365467456546', '7895676456345345345646456457645645', ''),
('20120728023819364553045817362749628217969967', '', '', '20120728012620947382628870087173830980478973', 5, '2012-07-28 02:38:19', 1, 0, 'Eight (M8signplus)', '5465465464564543564365467456546', '7895676456345345345646456457645645', ''),
('20120728023830715763615820544034613881085972', '', '', '20120728012620947382628870087173830980478973', 6, '2012-07-28 02:38:30', 1, 0, 'Double Sculls Kelas Ringan (LM2X)', '567456754645634534556456456546', '46456345325234565756756756', ''),
('20120728023842632662755286857437356887747207', '', '', '20120728012620947382628870087173830980478973', 7, '2012-07-28 02:38:42', 1, 0, 'Quadruple Sculls (4X)', '5465465464564543564365467456546', '7895676456345345345646456457645645', ''),
('20120728023853505273606147972599182068195130', '', '', '20120728012620947382628870087173830980478973', 8, '2012-07-28 02:38:53', 1, 0, 'Single Sculls (W1X)', '657436345345464564564', '7645356434789345675478564657', ''),
('20120728023905481125055241160258978308324612', '', '', '20120728012620947382628870087173830980478973', 9, '2012-07-28 02:39:05', 1, 0, 'Double Sculls (W2X)', '567456754645634534556456456546', '3243534543543543535', ''),
('20120728023918827356812028147991748841610056', '', '', '20120728012620947382628870087173830980478973', 10, '2012-07-28 02:39:18', 1, 0, 'Coxless Pairs (W2-)', '567456754645634534556456456546', '3243534543543543535', ''),
('20120728023929762882943239887115738564842751', '', '', '20120728012620947382628870087173830980478973', 11, '2012-07-28 02:39:29', 1, 0, 'Coxless Pairs (W4-)', '5465465464564543564365467456546', '34534534565478769768856', ''),
('20120728023942501547841776223112554979331056', '', '', '20120728012620947382628870087173830980478973', 12, '2012-07-28 02:39:42', 1, 0, 'Double Sculls Kelas Ringan (LW2X)', '567456754645634534556456456546', '3243534543543543535', ''),
('20120728023954074837507023941968477999678639', '', '', '20120728012620947382628870087173830980478973', 13, '2012-07-28 02:39:54', 1, 0, 'Quadruple Sculls (4X)', '5465465464564543564365467456546', '34534534565478769768856', ''),
('20120728024008802619525740131689896587333923', '', '', '20120728012629755867872693729908391307814438', 1, '2012-07-28 02:40:08', 1, 0, '10 Pendayung, 1.000 M', '5465465464564543564365467456546', '7895676456345345345646456457645645', ''),
('20120728024017339748845248140611339477786185', '', '', '20120728012629755867872693729908391307814438', 2, '2012-07-28 02:40:17', 1, 0, '10 Pendayung, 500 M', '5465465464564543564365467456546', '7895676456345345345646456457645645', ''),
('20120728024028533008553345126274908192636382', '', '', '20120728012629755867872693729908391307814438', 3, '2012-07-28 02:40:28', 1, 0, '10 Pendayung, 250 M', '5465465464564543564365467456546', '7895676456345345345646456457645645', ''),
('20120728024039346811934566227093357313844232', '', '', '20120728012629755867872693729908391307814438', 4, '2012-07-28 02:40:39', 1, 0, '20 Pendayung, 250 M', '5465465464564543564365467456546', '7895676456345345345646456457645645', ''),
('20120728024058876776766129928322288030385016', '', '', '20120728012629755867872693729908391307814438', 5, '2012-07-28 02:40:58', 1, 0, '20 Pendayung, 500 M', '5465465464564543564365467456546', '7895676456345345345646456457645645', ''),
('20120728024110858684673533870237683618804710', '', '', '20120728012629755867872693729908391307814438', 6, '2012-07-28 02:41:10', 1, 0, '20 Pendayung, 1.000 M', '5465465464564543564365467456546', '7895676456345345345646456457645645', ''),
('20120728024126633168954377894906768739311440', '', '', '20120728012629755867872693729908391307814438', 7, '2012-07-28 02:41:26', 1, 0, '10 Pendayung, 1.000 M', '5465465464564543564365467456546', '34534534565478769768856', ''),
('20120728024138631361258902032984940890254742', '', '', '20120728012629755867872693729908391307814438', 8, '2012-07-28 02:41:38', 1, 0, '10 Pendayung, 500 M', '5465465464564543564365467456546', '34534534565478769768856', ''),
('20120728024150279048958567552342136523970547', '', '', '20120728012629755867872693729908391307814438', 9, '2012-07-28 02:41:50', 1, 0, '10 Pendayung, 250 M', '5465465464564543564365467456546', '34534534565478769768856', ''),
('20120816181116437556553586544890939142083298', '', '', '20120701221747841875094644645832413737511651', 6, '2012-08-16 18:11:16', 0, 1, 'Goal ', '657436345345464564564', '56756563454354654645654645', ''),
('20120816181303603434153792735176505798702827', '', '', '20120701221734687693070409179221145198078093', 11, '2012-08-16 18:13:03', 1, 0, 'Mix Double Precision Landing Kelas Schweizer SGU 2-22', '567456754645634534556456456546', '4534353454654645645665765868678', ''),
('20120816181350410018327780231783699748410938', '', '', '20120701221734687693070409179221145198078093', 12, '2012-08-16 18:13:50', 1, 0, 'Mix Double Duration Flight Kelas Schweizer SGU 2-22', '567456754645634534556456456546', '4534353454654645645665765868678', '');

-- --------------------------------------------------------

--
-- Table structure for table `tbl_koni`
--

CREATE TABLE IF NOT EXISTS `tbl_koni` (
  `koni_id` varchar(254) NOT NULL,
  `asal_daerah_id` varchar(254) NOT NULL,
  `nama` varchar(254) NOT NULL,
  `singkatan` varchar(254) NOT NULL,
  `deskripsi` varchar(2048) NOT NULL,
  `level` int(11) NOT NULL,
  `alamat` varchar(2048) NOT NULL,
  `no_telp` varchar(254) NOT NULL,
  `status` int(11) NOT NULL,
  `status_delete` int(11) NOT NULL,
  `waktu` datetime NOT NULL
) ENGINE=MyISAM DEFAULT CHARSET=latin1;

--
-- Dumping data for table `tbl_koni`
--

INSERT INTO `tbl_koni` (`koni_id`, `asal_daerah_id`, `nama`, `singkatan`, `deskripsi`, `level`, `alamat`, `no_telp`, `status`, `status_delete`, `waktu`) VALUES
('20120415081905066972438091092530273149145447', '20120412145025934785984135724737882619188415', 'Aceh', 'ACEH', '', 1, '', '', 1, 0, '2012-04-15 08:19:05'),
('20120415081905505973387335713024774635716044', '20120412145045638300257598131513320171658031', 'Sumatra Utara', 'SUMUT', '', 2, '', '', 1, 0, '2012-04-15 08:19:05'),
('20120415081905622992279553306217240573069977', '20120412145123729902828481853096198552645081', 'Riau', 'RIAU', '', 3, '', '', 1, 0, '2012-04-15 08:19:05'),
('20120415081905772225298939723341441863312412', '20120412145134277763601392450095065367528774', 'Kepulauan Riau', 'KEPRI', '', 4, '', '', 1, 0, '2012-04-15 08:19:05'),
('20120415081905737005103284219794580871555802', '20120412145157215202777772393864996535898148', 'Sumatra Barat', 'SUMBAR', '', 5, '', '', 1, 0, '2012-04-15 08:19:05'),
('20120415081905013711017863858518107128195346', '20120412145211360916752902701460662252474859', 'Bengkulu', 'BENGKULU', '', 6, '', '', 1, 0, '2012-04-15 08:19:05'),
('20120415081905502404560497965292305177934376', '20120412145234473826288700871738309804789737', 'Jambi', 'JAMBI', '', 7, '', '', 1, 0, '2012-04-15 08:19:05'),
('20120415081905521763965330322869054541488069', '20120412145244558678726937299083913078144386', 'Lampung', 'LAMPUNG', '', 8, '', '', 1, 0, '2012-04-15 08:19:05'),
('20120415081905161531673203665925148693529680', '20120412145302740053467649178851078288875347', 'Sumatra Selatan', 'SUMSEL', '', 9, '', '', 1, 0, '2012-04-15 08:19:05'),
('20120415081905648515087571567514336345593705', '20120412145314143084795400573575325013642441', 'Bangka - Belitung', 'BABEL', '', 10, '', '', 1, 0, '2012-04-15 08:19:05'),
('20120415081905945529756055543125811862463177', '20120412145330807045072300621592116142827011', 'Banten', 'BANTEN', '', 11, '', '', 1, 0, '2012-04-15 08:19:05'),
('20120415081905498279884810595788453853663584', '20120412145351686185996807957201978529639934', 'DKI Jakarta', 'DKI', '', 12, '', '', 1, 0, '2012-04-15 08:19:05'),
('20120415081905078689030966030003057795077060', '20120412150005362371197158391812352298262336', 'Jawa Barat', 'JABAR', '', 13, '', '', 1, 0, '2012-04-15 08:19:05'),
('20120415081905203267498579849913450397010921', '20120412150015279027309292879071909995316121', 'Jawa Tengah', 'JATENG', '', 14, '', '', 1, 0, '2012-04-15 08:19:05'),
('20120415081905862055838358359914778725574490', '20120412150035115993502714525490720701071145', 'DI Yogyakarta', 'DIY', '', 15, '', '', 1, 0, '2012-04-15 08:19:05'),
('20120415081905384732153680431220659900976057', '20120412150104259216723489468655342787641535', 'Jawa Timur', 'JATIM', '', 16, '', '', 1, 0, '2012-04-15 08:19:05'),
('20120415081905649140292354523159207186298862', '20120412150119633100498152863739851074750781', 'Kalimantan Barat', 'KALBAR', '', 17, '', '', 1, 0, '2012-04-15 08:19:05'),
('20120415081905075986260656695833371084665204', '20120412150134308586560148191256215436519188', 'Kalimantan Tengah', 'KALTENG', '', 18, '', '', 1, 0, '2012-04-15 08:19:05'),
('20120415081905453094615396184861976989259216', '20120412150150878446794112340586244252808657', 'Kalimantan Selatan', 'KALSEL', '', 18, '', '', 1, 0, '2012-04-15 08:19:05'),
('20120415081905498152863739851074750781308586', '20120412150203982166379164526949902001088340', 'Kalimantan Timur', 'KALTIM', '', 19, '', '', 1, 0, '2012-04-15 08:19:05'),
('20120415081905794112340586244252808657982166', '20120412150329683520342243644161380263425741', 'Sulawesi Utara', 'SULUT', '', 20, '', '', 1, 0, '2012-04-15 08:19:05'),
('20120415081905876562273022124266098415328434', '20120412150339584388290432185378060581571237', 'Gorontalo', 'GORONTALO', '', 21, '', '', 1, 0, '2012-04-15 08:19:05'),
('20120415081905616535499068037665425322508544', '20120412150403514703876562273022124266098415', 'Sulawesi Tengah', 'SULTENG', '', 22, '', '', 1, 0, '2012-04-15 08:19:05'),
('20120415081905531539824968844421647298858072', '20120412150450328434154733622857352422304608', 'Sulawesi Tenggara', 'SULTRA', '', 23, '', '', 1, 0, '2012-04-15 08:19:05'),
('20120415081905412597295353974222859307350872', '20120412150509767455616535499068037665425322', 'Sulawesi Selatan', 'SULSEL', '', 24, '', '', 1, 0, '2012-04-15 08:19:05'),
('20120415081905896296737679226091610561110532', '20120412150534990058807713811271448011988130', 'Sulawesi Barat', 'SULBAR', '', 25, '', '', 1, 0, '2012-04-15 08:19:05'),
('20120415081905443499979565008336324945430284', '20120412150548559690011054617955475902664453', 'Bali', 'BALI', '', 26, '', '', 1, 0, '2012-04-15 08:19:05'),
('20120415081905882874125387491299430448436436', '20120412150600881222209389694796364202635929', 'Nusa Tenggara Barat', 'NTB', '', 27, '', '', 1, 0, '2012-04-15 08:19:05'),
('20120415081905813474945945732249152347281001', '20120412150634508544663654738478379745540005', 'Nusa Tenggara Timur', 'NTT', '', 29, '', '', 1, 0, '2012-04-15 08:19:05'),
('20120415081905833896432415892338129362020797', '20120412150657538417978814872372515686855472', 'Maluku', 'MALUKU', '', 30, '', '', 1, 0, '2012-04-15 08:19:05'),
('20120415081905844864345707198164565757925446', '20120412150711539308420084833317364505690682', 'Maluku Utara', 'MALUT', '', 31, '', '', 1, 0, '2012-04-15 08:19:05'),
('20120415081905162275888095621560019434123747', '20120412150726421571721552208119482988927066', 'Papua', 'PAPUA', '', 32, '', '', 1, 0, '2012-04-15 08:19:05'),
('20120415081905778873591272619223796577796732', '20120412150955504216987427330418231960502821', 'Papua Barat', 'PAPBAR', '', 33, '', '', 1, 0, '2012-04-15 08:19:05');

-- --------------------------------------------------------

--
-- Table structure for table `tbl_mendali_atlet_rekap`
--

CREATE TABLE IF NOT EXISTS `tbl_mendali_atlet_rekap` (
  `id` varchar(254) NOT NULL,
  `cabang_id` varchar(254) NOT NULL,
  `emas` int(11) NOT NULL,
  `perak` int(11) NOT NULL,
  `perunggu` int(11) NOT NULL,
  `status_delete` int(11) NOT NULL,
  `status` int(11) NOT NULL,
  `waktu` datetime NOT NULL,
  `koni_id` varchar(254) NOT NULL,
  `event_id` varchar(254) NOT NULL,
  `atlet_id` varchar(254) NOT NULL,
  `jenis` int(11) NOT NULL
) ENGINE=InnoDB DEFAULT CHARSET=latin1;

--
-- Dumping data for table `tbl_mendali_atlet_rekap`
--

INSERT INTO `tbl_mendali_atlet_rekap` (`id`, `cabang_id`, `emas`, `perak`, `perunggu`, `status_delete`, `status`, `waktu`, `koni_id`, `event_id`, `atlet_id`, `jenis`) VALUES
('20120822102911644420725451103803627013322640', '20120531165029796151709548124471227353867291', 1, 0, 0, 0, 0, '0000-00-00 00:00:00', '20120415081905498279884810595788453853663584', '657865867834534565465756345435345345', '20120722091721590566763109372794346392858722', 0),
('20120822103119293288158315864012443197466528', '20120531170242687837122870756669553431698180', 0, 2, 0, 0, 0, '0000-00-00 00:00:00', '20120415081905498279884810595788453853663584', '657865867834534565465756345435345345', '20120722091720884922231630088553008890671729', 0),
('20120822103521731402772960868444779569703992', '20120531170242687837122870756669553431698180', 1, 0, 0, 0, 0, '0000-00-00 00:00:00', '20120415081905498279884810595788453853663584', '657865867834534565465756345435345345', '20120722091721880849504375453483143965038367', 0),
('20120822104139644200923441727381527038891511', '20120531170242687837122870756669553431698180', 0, 0, 1, 0, 0, '0000-00-00 00:00:00', '20120415081905498279884810595788453853663584', '657865867834534565465756345435345345', '20120722091720733585830561303139128088325782', 0),
('20120822104314697161726805353670968581072072', '20120531170242687837122870756669553431698180', 0, 0, 1, 0, 0, '0000-00-00 00:00:00', '20120415081905498279884810595788453853663584', '657865867834534565465756345435345345', '20120722091720168336530427187117200731302982', 0),
('20120822110302300867924325403490596819473972', '20120531170223828236815024324663471131981851', 1, 0, 0, 0, 0, '0000-00-00 00:00:00', '20120415081905498279884810595788453853663584', '657865867834534565465756345435345345', '20120722091720412236795565059980199904263387', 0),
('20120822111220267605036986166220951063081189', '20120531170242687837122870756669553431698180', 1, 0, 0, 0, 0, '0000-00-00 00:00:00', '20120415081905498279884810595788453853663584', '657865867834534565465756345435345345', '20120722091721687923594786717001039984390762', 0),
('20120822115440076977611245740654873254567064', '20120531170242687837122870756669553431698180', 0, 1, 0, 0, 0, '0000-00-00 00:00:00', '20120415081905498279884810595788453853663584', '657865867834534565465756345435345345', '20120722091720012769562088889786003892757105', 0),
('20120823093904501452695822240281873396155033', '567547456456456456456456456', 1, 0, 0, 0, 0, '0000-00-00 00:00:00', '20120415081905498279884810595788453853663584', '657865867834534565465756345435345345', '20120722091720271191049194255865464164265439', 0);

-- --------------------------------------------------------

--
-- Table structure for table `tbl_mendali_jenis`
--

CREATE TABLE IF NOT EXISTS `tbl_mendali_jenis` (
  `id` varchar(254) NOT NULL,
  `nama` varchar(254) NOT NULL,
  `level` int(11) NOT NULL,
  `status` int(11) NOT NULL,
  `status_delete` int(11) NOT NULL,
  `icon` varchar(254) NOT NULL
) ENGINE=InnoDB DEFAULT CHARSET=latin1;

--
-- Dumping data for table `tbl_mendali_jenis`
--

INSERT INTO `tbl_mendali_jenis` (`id`, `nama`, `level`, `status`, `status_delete`, `icon`) VALUES
('84635345645645645633453535345', 'Emas', 1, 1, 0, 'gold.png'),
('4564576575656756756756756', 'Perak', 2, 1, 0, 'perak.png'),
('567456345345345345345345345', 'Perunggu', 3, 1, 0, 'perunggu.png');

-- --------------------------------------------------------

--
-- Table structure for table `tbl_mendali_kontingen_rekap`
--

CREATE TABLE IF NOT EXISTS `tbl_mendali_kontingen_rekap` (
  `id` varchar(254) NOT NULL,
  `emas` int(11) NOT NULL,
  `perak` int(11) NOT NULL,
  `perunggu` int(11) NOT NULL,
  `status_delete` int(11) NOT NULL,
  `status` int(11) NOT NULL,
  `waktu` datetime NOT NULL,
  `koni_id` varchar(254) NOT NULL,
  `event_id` varchar(254) NOT NULL
) ENGINE=InnoDB DEFAULT CHARSET=latin1;

--
-- Dumping data for table `tbl_mendali_kontingen_rekap`
--

INSERT INTO `tbl_mendali_kontingen_rekap` (`id`, `emas`, `perak`, `perunggu`, `status_delete`, `status`, `waktu`, `koni_id`, `event_id`) VALUES
('20120822083544522529274593612288313328996046', 8, 5, 3, 0, 0, '2012-08-23 09:39:05', '20120415081905498279884810595788453853663584', '657865867834534565465756345435345345'),
('20120822083902452080206647246675549387198308', 5, 1, 0, 0, 0, '2012-08-23 09:39:04', '20120415081905876562273022124266098415328434', '657865867834534565465756345435345345'),
('20120822083902146631848112879982850232475612', 0, 1, 0, 0, 0, '2012-08-23 09:39:04', '20120415081905945529756055543125811862463177', '657865867834534565465756345435345345'),
('20120822083902074713860309166523909808021001', 0, 0, 1, 0, 0, '2012-08-23 09:39:04', '20120415081905772225298939723341441863312412', '657865867834534565465756345435345345'),
('20120822110302340139213222227824051650962972', 0, 0, 1, 0, 0, '2012-08-23 09:39:04', '20120415081905453094615396184861976989259216', '657865867834534565465756345435345345'),
('20120822110947466575377839830373353520408077', 0, 0, 1, 0, 0, '2012-08-23 09:39:05', '20120415081905078689030966030003057795077060', '657865867834534565465756345435345345'),
('20120822111220882045554287531401732136759738', 0, 0, 0, 0, 0, '2012-08-22 11:34:19', '20120415081905882874125387491299430448436436', '657865867834534565465756345435345345'),
('20120822111220688370528208763643730059844237', 0, 1, 1, 0, 0, '2012-08-23 09:39:05', '20120415081905813474945945732249152347281001', '657865867834534565465756345435345345'),
('20120822112023893997880553395464303912100998', 1, 0, 0, 0, 0, '2012-08-23 09:39:05', '20120415081905896296737679226091610561110532', '657865867834534565465756345435345345'),
('20120822112023376153809461557607390113167101', 0, 1, 1, 0, 0, '2012-08-23 09:39:05', '20120415081905616535499068037665425322508544', '657865867834534565465756345435345345'),
('20120822112023099974488906130831516292010509', 0, 0, 1, 0, 0, '2012-08-22 16:00:35', '20120415081905161531673203665925148693529680', '657865867834534565465756345435345345'),
('20120822113246879178697064126792382295195348', 0, 2, 1, 0, 0, '2012-08-23 09:39:05', '20120415081905203267498579849913450397010921', '657865867834534565465756345435345345'),
('20120822113332682554694644731748357885265368', 0, 0, 0, 0, 0, '2012-08-22 11:54:40', '20120415081905844864345707198164565757925446', '657865867834534565465756345435345345'),
('20120822113419256965230542392460012041033679', 0, 1, 0, 0, 0, '2012-08-23 09:39:05', '20120415081905505973387335713024774635716044', '657865867834534565465756345435345345'),
('20120822153143842093275187659232882695998503', 0, 1, 1, 0, 0, '2012-08-23 09:39:05', '20120415081905384732153680431220659900976057', '657865867834534565465756345435345345'),
('20120822153311487128613803988401050685227608', 0, 1, 0, 0, 0, '2012-08-23 09:39:05', '20120415081905502404560497965292305177934376', '657865867834534565465756345435345345'),
('20120822155926156534485128690973461833561558', 1, 0, 0, 0, 0, '2012-08-23 09:39:05', '20120415081905066972438091092530273149145447', '657865867834534565465756345435345345'),
('20120822155926874427976498258355792885242398', 0, 0, 1, 0, 0, '2012-08-23 09:39:05', '20120415081905075986260656695833371084665204', '657865867834534565465756345435345345'),
('20120823093905102197841940886337511340613854', 0, 0, 1, 0, 0, '2012-08-23 09:39:05', '20120415081905833896432415892338129362020797', '657865867834534565465756345435345345');

-- --------------------------------------------------------

--
-- Table structure for table `tbl_mendali_rekap`
--

CREATE TABLE IF NOT EXISTS `tbl_mendali_rekap` (
  `id` varchar(254) NOT NULL,
  `cabang_id` varchar(254) NOT NULL,
  `emas` int(11) NOT NULL,
  `perak` int(11) NOT NULL,
  `perunggu` int(11) NOT NULL,
  `status_delete` int(11) NOT NULL,
  `status` int(11) NOT NULL,
  `waktu` datetime NOT NULL,
  `koni_id` varchar(254) NOT NULL,
  `event_id` varchar(254) NOT NULL
) ENGINE=InnoDB DEFAULT CHARSET=latin1;

--
-- Dumping data for table `tbl_mendali_rekap`
--

INSERT INTO `tbl_mendali_rekap` (`id`, `cabang_id`, `emas`, `perak`, `perunggu`, `status_delete`, `status`, `waktu`, `koni_id`, `event_id`) VALUES
('20120822083544673375485476752927497458349244', '20120531165029796151709548124471227353867291', 2, 1, 1, 0, 0, '0000-00-00 00:00:00', '20120415081905498279884810595788453853663584', '657865867834534565465756345435345345'),
('20120822083903108580876917923686077057869069', '20120531165915001854950817613259516041290627', 0, 0, 0, 0, 0, '0000-00-00 00:00:00', '20120415081905498279884810595788453853663584', '657865867834534565465756345435345345'),
('20120822084046182716746333275897649052002883', '20120531170242687837122870756669553431698180', 3, 3, 2, 0, 0, '0000-00-00 00:00:00', '20120415081905498279884810595788453853663584', '657865867834534565465756345435345345'),
('20120822110302717830751184306188683759855043', '20120531170223828236815024324663471131981851', 1, 0, 0, 0, 0, '0000-00-00 00:00:00', '20120415081905498279884810595788453853663584', '657865867834534565465756345435345345'),
('20120822153357458986023206682683313930981564', '20120531164414839023660263123786920595136689', 0, 0, 0, 0, 0, '0000-00-00 00:00:00', '20120415081905498279884810595788453853663584', '657865867834534565465756345435345345'),
('20120823093904019957440089364502747293721400', '567547456456456456456456456', 1, 0, 0, 0, 0, '0000-00-00 00:00:00', '20120415081905498279884810595788453853663584', '657865867834534565465756345435345345');

-- --------------------------------------------------------

--
-- Table structure for table `tbl_setting`
--

CREATE TABLE IF NOT EXISTS `tbl_setting` (
  `id` varchar(254) NOT NULL,
  `id_event_tingkatan` varchar(254) NOT NULL,
  `nama` varchar(254) NOT NULL,
  `status` int(11) NOT NULL,
  `status_delete` int(11) NOT NULL,
  `waktu` datetime NOT NULL,
  `waktu_awal` datetime NOT NULL,
  `waktu_akhir` datetime NOT NULL,
  `var_tambah` varchar(254) NOT NULL,
  `var_hapus` varchar(254) NOT NULL,
  `var_edit` varchar(254) NOT NULL,
  `var_pendding` varchar(254) NOT NULL,
  `var_disetujui` varchar(254) NOT NULL,
  `var_ditayangkan` varchar(50) NOT NULL,
  `var_entry_permendali` varchar(50) NOT NULL,
  `var_entry_tigamendali` varchar(50) NOT NULL
) ENGINE=InnoDB DEFAULT CHARSET=latin1;

--
-- Dumping data for table `tbl_setting`
--

INSERT INTO `tbl_setting` (`id`, `id_event_tingkatan`, `nama`, `status`, `status_delete`, `waktu`, `waktu_awal`, `waktu_akhir`, `var_tambah`, `var_hapus`, `var_edit`, `var_pendding`, `var_disetujui`, `var_ditayangkan`, `var_entry_permendali`, `var_entry_tigamendali`) VALUES
('657865867834534565465756345435345345', '5675675734563453453453453453453453', 'PON XVIII KONI DKI', 1, 0, '2012-05-13 00:00:00', '2012-09-09 00:00:00', '2012-09-23 00:00:00', '546758654345679843245344536780345', '547869545986523467546234234234234', '76808796436534523543654765474563453', '768567434534523543654765474563453', '98875453454363453454634534535345', '567546435643576786745654654645645', '7634535676798634345673534534', '345545679834567353453457346567');

/*!40101 SET CHARACTER_SET_CLIENT=@OLD_CHARACTER_SET_CLIENT */;
/*!40101 SET CHARACTER_SET_RESULTS=@OLD_CHARACTER_SET_RESULTS */;
/*!40101 SET COLLATION_CONNECTION=@OLD_COLLATION_CONNECTION */;
